NO2_level,SO2_level,CO_level,O3_level,PM2.5,PM10,pH_soil,heavy_metals,temperature,humidity
32.483570765056164,27.051748804449993,10.569947578839898,56.950364847195885,39.883202039582265,54.170917668203515,7.271054976283938,195.94811581500318,20.944566857373214,55.371846376038235
29.308678494144075,22.132571338401945,9.516043602050356,56.831328973722044,34.507735680287475,60.754659223715436,7.503046444079562,156.48340175698414,18.541519236005318,70.4936462271522
33.23844269050346,28.454945239361283,11.156768316657367,52.0420883014156,33.22952864495369,57.87709726594193,7.530751788318199,180.0748975378777,16.757241037707914,35.97896336403553
37.61514928204013,33.05188703504533,12.666428112706065,57.66019374392882,39.28683791329255,67.96710587996333,7.104183115296571,190.54578374861433,20.350751191582138,65.99675015389518
28.829233126383322,26.479547084293955,9.369056423151168,50.71821640562266,36.495606185588,49.28919366504293,7.012031262905731,180.1421960278542,14.867393703754699,53.60986252335478
28.8293152152541,21.375917675719023,9.761388411914345,53.72474006228298,35.071490177890766,62.49668227617907,6.796263474600591,171.75426707798078,10.59062674386141,45.716846144838016
37.896064077536955,27.979563893035973,12.238690709436721,73.5875600038775,37.9165295562827,72.36194758553835,6.889180538083319,188.912727232176,14.184665180281181,39.60453115246951
33.837173645764544,29.452409121255517,11.053727016976424,55.93967834765028,33.361493854342,49.72987205403499,6.224407141835734,108.1794255583726,11.275486775967755,52.47105270424579
27.65262807032524,22.410975103925058,9.177309636249797,82.12010774682922,33.68624678303591,61.97523563816067,6.090900558288847,174.4665119735066,11.624108625128091,63.40444680668055
32.712800217929825,27.244038965257367,10.641041911442985,67.03166329421904,35.808136287023146,71.49264309986393,6.498312771294524,151.90161405039674,14.277406646422412,51.58580547301345
27.682911535937688,25.390723874827515,9.31457778637027,62.55185360393406,34.29532658164581,50.91055094431794,6.414907688737536,127.53641895024623,11.037900395000193,69.59259910497337
27.671351232148716,21.98181467291819,9.135215346362408,54.201678251409774,33.508326144335136,71.07795257036803,6.273385975336362,172.95791174386324,13.460192351804798,38.75814692358201
31.20981135783017,25.485854966791486,10.417034772505017,68.086403578404,36.87454496065611,64.78000101604343,6.848193723728357,195.95510814054273,5.531926665231072,57.11314718892392
20.43359877671101,13.73426470821736,7.120032011123475,53.568336900782214,25.6544536313449,49.36843615338884,6.977652604285256,167.02755575029872,16.066468536864694,39.44283128743646
21.375410837434835,18.638930136048838,7.364833641857169,59.526242852136825,31.77742869936388,54.572404042600446,6.544203443145924,184.499525375518,15.00602737681112,56.13330513784412
27.188562353795135,23.08914487411125,8.97505597373022,81.35610124766842,31.905936226354278,62.94028203530865,7.238765040527631,204.63321556504923,10.914556844659046,63.41159547864348
24.93584439832788,19.97235583523424,8.365399053384698,59.20585856153396,36.187289256872525,57.9871288187164,5.929155442933247,185.58984350101343,18.296228342162024,46.64426789210845
31.571236662976368,29.050440939351454,10.62244924405806,71.82268127547596,31.875178543517116,65.87115761120803,6.403170270360141,196.83099329102927,19.68785068813279,24.113936089662264
25.459879622393945,19.86965705527571,8.738147324243059,54.55854044795048,35.483819182932116,51.377200584120196,6.141588839698597,176.2584382184238,6.9622006781551296,58.50838112888738
22.938481493323543,20.589151773267805,7.686033399037353,58.89548467335373,29.35682124638207,57.242462813579024,5.56673169146347,157.17598969266655,11.186376107168929,58.77419746375063
37.32824384460777,28.925603076876065,12.218339614468176,79.09770262292719,35.44269229592132,56.23376921289058,6.45865965707865,132.54728033284312,11.154288251063509,58.46580342408523
28.871118497567323,27.318105826915893,9.811612973944555,56.5327109367248,30.87101359637743,59.43120051885622,6.4391262458083585,159.47001269548463,10.300484494455677,67.20757967099371
30.33764102343962,22.29709620936093,9.76741125080761,76.63464487335128,32.24154268948081,54.908995226154204,7.256724871621065,155.70231680988684,19.147374209658743,39.71577609868014
22.87625906893272,23.76445703877628,7.971549759155803,64.81251911121689,29.99825328056538,50.86467175012454,6.815405842277388,211.57291277273018,14.030869306135983,59.7867264014365
27.278086377374088,23.659509310726218,9.050901161423056,56.411500343795495,32.93535829053095,67.74731269063493,5.987906587835398,156.36134962970723,13.677425793446947,65.08636222805627
30.55461294854933,23.31428917217876,10.28050361828343,67.2811070918639,31.61166775731386,69.02739990814442,7.427046283167094,176.73455896736067,4.980688177966233,39.72378007095172
24.245032112888488,23.046723004970787,8.120857802558042,67.47844844216924,29.473955490950143,61.23548932537217,7.110516847762677,182.13487599843612,18.17709015104613,54.10797318366671
31.87849009172836,26.337364437011118,10.202570607385605,67.72587573442891,40.55390513087261,54.6687537115018,6.791048851734308,168.78253744479215,8.803708025732638,50.55634767705697
26.996806550405974,22.297969520885395,8.77353347754516,48.236924861038744,36.38071344054572,56.68290543742057,6.386757950575084,197.76860031436587,15.299663151331641,51.53494169331772
28.541531251033618,24.410369795496848,9.572076364642362,55.5995150938145,33.43388975964227,68.47075577557781,6.02028038163826,147.74981658169355,16.386884689790957,55.28332249048788
26.991466938853016,22.725106275702988,9.1493845820002,58.81643769112917,31.308890597816408,59.88604525267644,6.3138966119644735,167.0311152243896,21.803292979193255,44.22606786926785
39.26139092254469,29.85773015177484,12.597553951742526,65.1090889362175,38.9169285336816,83.71828042565315,7.044374309852093,155.59433138455995,8.455898004404439,49.01497020618166
29.93251387631033,26.29051828719726,10.107472654648575,66.93838233092956,34.80006224397745,63.70598458917783,7.442293152967305,148.02248130525894,-0.09756077910412664,60.39030456443231
24.711445355220498,25.52775630990095,8.081129594112356,61.306186149554236,26.75848951753708,58.64235556408457,7.2716217641360945,160.48083582325523,15.919247723768475,41.16791674948773
34.11272456051594,24.580731282604273,11.22060140842532,52.96233495452557,34.69550512403953,61.715091942943644,6.255575289106863,161.81501695010041,24.002555907554267,37.14047075737101
23.895781750144888,26.213957624384975,7.926531285090975,62.59989550810566,24.331716828454162,57.6618335585774,5.940191283355494,150.81586834320973,21.19473176469719,56.19636694721643
31.044317975023777,21.617983388466882,10.1829281709467,67.3024131522801,34.82426015283011,60.663733727852836,6.570443123455602,151.8560116370789,16.048297076373128,40.487911110226875
20.201649380601122,19.797254500229393,7.06997454844362,62.558983335688765,29.062577447468897,59.09791530324091,5.615780317218574,128.03145389874908,12.541819071839763,60.39221547317223
23.359069755507846,22.856169290723077,7.8356382535955635,67.98987370664011,27.565882466406585,63.04826504641758,6.661583857092391,164.95372711835,19.035612983186553,55.10810643694623
30.984306179345616,26.054136825142873,10.21838074495772,69.06509970812948,38.31254399747746,56.18708810198629,6.426198706850665,134.16757958788662,10.132269001477656,37.67579821135521
33.69233289997705,25.600767410347338,11.308958431836004,67.15037379381832,31.538102750979206,54.26600235507949,6.266981749065879,177.87093676445085,17.381788846781095,44.533459053252905
30.85684140594985,25.012176202260378,10.141674047880326,61.781410870710765,29.12098020294045,48.74635137244182,5.702648466366602,158.6752797223561,17.527350795833133,63.177418632557156
29.421758588058797,23.724877424711735,9.993665998830668,48.481015967095594,33.3264106085152,64.15117030002897,6.756800053284858,138.41697054354998,20.3010495374944,40.03781991985598
28.494481522053555,23.068511247138353,9.322403085684542,64.8347383618821,35.237983821068596,52.222570822220376,6.233649580169044,156.15231426069317,28.798300194555388,40.956807279628435
22.607390048162863,23.00289921812348,7.888177850031915,60.70445751657004,33.616217103271325,40.75493888304662,5.915041582144856,144.1072877096369,16.962079835893835,56.13956901457205
26.400778958026457,23.914420450943325,9.208547411539517,62.73294228077357,29.463814586209054,61.20059550233526,5.063868893359175,157.02217914197536,12.455181871462507,61.6063141570947
27.696806145201062,22.462583882079223,8.814712943534861,50.864733851517954,34.85412618741452,76.83876092367028,6.486242547474681,191.6714343952097,14.872128439040027,50.04854692003503
35.285611131094576,29.44200531641379,11.426304288234277,55.46579212917173,36.05584127015462,64.65743141098694,7.386125798334872,136.35780859043382,6.15462047555441,50.94758781530638
31.71809144784231,26.473644765674372,10.630841859788799,71.11245940580015,33.51297296888292,68.07209943465111,7.330629607273935,175.6068176556877,11.526434344554708,68.46048144470772
21.18479922318633,22.218123849271088,7.314830689747301,58.15747845842129,30.361859346371816,55.40216496606338,6.271451871706864,159.51186280573583,12.953587809434481,70.91220273325855
31.620419846973974,27.06946760733421,10.560355128766453,68.10017351777059,35.92922054342464,61.44206632054378,6.1988939698191095,175.4157412272004,12.379558010327038,63.59880150265444
28.074588597918417,22.379304277115065,9.30157954203236,61.45638244821106,27.115576687798303,66.08574739945726,6.734387128037512,171.6078038451289,15.76177436016861,52.972294245565934
26.615389998470206,22.187332918841165,9.00193495703564,60.88420511535405,35.39885504825981,56.59885118960858,6.000807280405854,144.96868616928217,10.887900338088997,46.47339261454624
33.058381444204336,28.023777932348693,10.886378986182885,70.72962302548972,38.97530292896496,65.01261320944636,6.650895949909733,160.12788078576497,20.605153336622358,41.39297926612316
35.154997612479754,28.798239337106807,11.780055696075888,59.93364121925291,34.216310462959264,66.86038297210791,6.883040139192345,152.90988425585368,15.001035324590985,57.72462339036208
34.65640059558099,27.2863971098622,11.44780434733454,64.63152645376027,36.98125095766082,59.58284724140535,7.113466611942154,192.6548088913935,14.953498394306928,56.707233011733365
25.803912383886807,23.136610958560965,8.808694247581082,56.62336264391439,31.9644379891803,65.00703511547643,6.4499229617600236,164.9254625910391,13.36052641743541,67.33572272074659
28.453938120743928,26.782298851948813,9.453806042998684,57.905605428839046,32.85438416991808,58.693038387652884,6.398163124911517,202.00544496417533,15.775953419294895,58.61652421571394
31.65631715701782,24.64501580083725,10.399373902290847,60.189149875058014,32.342874832674426,56.86920589346256,6.0610087066217195,159.39687078992478,19.125491323338174,35.40645132073273
34.877725635611796,28.53305758014597,11.376806053119614,65.72816042731442,33.911765277552924,68.16997684992108,6.08655982298007,146.69746289159144,10.664348921445498,65.18730171650643
27.60412881077355,23.397679100518985,9.360129071707725,57.2116625510016,31.485815073489796,53.03361429500423,6.3867605540492365,133.5933176882358,11.709417554623716,44.16468494954401
29.071705116680914,24.100490151886014,9.637314638840222,71.67473105126054,35.96121012778664,60.547461683260536,6.683682753408089,130.774034008962,13.481369856116677,49.419602352418146
24.46832512996986,24.43171626895931,8.398452510370241,52.63047163423191,31.31179554176521,57.06399461446948,6.956792313116624,137.88520427105647,8.270645382633926,58.36667937119998
24.018966879596647,23.660316137774384,8.620770223608082,58.11261359854779,28.29953713149967,64.41454577653869,6.098410524659828,166.32663826682796,10.903710701392512,74.5048195471434
34.06262911197099,28.658333827986773,11.393013674277636,60.107203178595,37.75267359912763,67.16672800853937,7.246344284479761,182.6379433093963,12.618895632276704,84.78973774391525
36.78120014285412,31.00155768573572,11.969155336422666,76.2883031319715,28.523092223822246,65.57165138878187,6.364438199478716,132.0205679541445,19.37194590356364,56.381257639580014
29.63994939209833,24.861982379314682,10.132227602062288,63.42841796893193,36.23026673637531,66.47232866887083,6.489316352825782,182.79392980978014,16.312806645009626,50.01163049029131
35.01766448946012,28.872738187319985,11.423684272233725,72.26182211153312,30.79145735734177,74.24381798574328,6.126394160426088,151.60272057059208,15.967949556837722,57.361081706386635
31.80818012523817,25.283556549432173,10.13482913053588,50.838789065799496,32.997585250933504,66.17039823212976,5.287879869863529,155.81465893834627,19.25448981083986,59.24930935331844
26.77440122697438,24.035533318464076,8.830703105908833,62.84616261774382,27.705631052306195,58.81454919778572,6.942022698180525,201.66463954691375,14.313141058003017,49.63675321542658
31.80697802754207,25.643202905035665,10.16793502405745,69.83983757600433,30.200142389362522,53.08203099282833,6.868421948546216,186.6210058027728,16.952324249644448,69.475951434301
37.690182832329846,29.03908334615036,12.236752152890691,65.73434504713533,41.09659006153346,58.92733234110328,6.359336221440893,158.22274925629227,14.483891235337518,55.05876197424526
29.820869804450243,26.10074895309895,9.949944617172983,70.4521909223029,31.48941827873447,58.7380359326325,6.533495358612436,147.51110907781862,16.326811746998143,56.81402501741486
37.82321827907003,27.27516777306807,12.682252946176066,60.99097971082504,38.733442612634164,62.20966738023404,6.75796960885205,124.5433880619344,12.08620671194209,60.61613916457357
16.901274479551276,22.63541179114656,6.135767818618215,68.03528931330516,25.000002951093215,50.52209301478777,5.718727071556729,142.80420433071887,2.805914208617855,62.812909001835635
34.10951252187612,25.042721497938658,11.189033650801063,82.03498999770444,36.89682999479504,64.27320823959303,6.235473661326853,158.13213183671462,14.328604189068479,61.225102910161894
30.435235341190857,22.789240445019963,10.296451718593953,59.27138565295907,33.49160687789528,65.01251401933071,6.897132339810914,149.22773285508543,22.113740680499703,42.77059779428092
28.504963247670663,26.568703370835465,9.109261912499623,57.83796512786209,28.25400127603669,59.45998282695582,5.8728552884153755,156.10341354230766,19.631077011207964,44.60144395493571
30.45880388267751,26.812727329264625,10.184764076424965,73.81059737001262,36.26408278794793,64.72667422465767,6.646778966083315,168.00482732000853,19.826987422955852,39.084963958805126
20.062155426995538,21.27931734760208,7.172819666876055,70.66143933664392,25.556023506713387,54.49482970256771,5.821709097688298,153.7199713407214,21.18065360903109,53.80468550168672
28.90164056081244,25.70751129893478,9.374774919087763,57.37777600709883,27.671238640508207,46.40288242809161,6.733214991216763,154.33209829569844,15.443287954807188,60.06772105771754
31.78556285755873,25.868287883085536,10.764419665909005,59.352730606256635,32.7869922316375,55.67454624355983,6.482179258851258,168.19488602784713,15.986578537027977,56.58443939300487
37.38947022370758,26.90022636888213,12.284540348611158,62.70151121859898,41.935961506127484,65.164016266544,5.692434092047245,165.76315391186063,11.91174052282825,70.78905407206126
27.40864890863176,23.855933570703336,9.139537089809368,50.20785547517849,33.99585457151953,50.71819103615448,7.082369677228586,149.0157152234289,13.41963571986475,53.23422195177716
25.95753198553406,21.624442569742808,8.913815968881474,53.03379722234004,29.528562788096856,62.36977349984727,6.132704211600975,189.54568971093516,18.07885574885571,57.64798868149727
27.491214782077318,25.69584685787416,9.701503006184074,52.963359778814386,30.446955756291104,69.95910617386,6.09487378149281,158.97697516924285,21.019422185844082,38.57328014568482
34.57701058851037,26.994390531250907,11.40947642756481,57.688423714571115,34.78130119945408,72.73524037383848,6.600284598615471,166.37983844505166,14.302768621595002,48.97761866445849
31.643755548298422,24.170883380564188,10.542770781749594,62.38002312022512,40.216497279661574,60.65652878729745,7.074318674714357,184.9074752122747,12.749053675742942,60.58085073778631
27.351198981164806,23.032827807276416,9.113487514441392,62.814197452758094,32.55652574539354,69.58092224476502,5.9920890905108015,164.58521353037804,15.002639794282986,60.989701210289944
32.56633716556678,27.10903149133464,10.599932275777075,75.43053880873933,35.82992724091328,63.83710821631153,6.530839924923986,184.37113192750473,18.006033744645574,48.057313651035386
30.4853877467402,24.11524476776215,10.311683487330908,54.20732277278575,36.382083010139645,58.98016962489187,6.714408250165286,172.88656580568934,7.780725919332291,55.39364452175319
34.84322495266444,25.777171685199356,11.28175072061756,71.81186916887845,36.622302448678205,60.09643882207853,6.846552803631572,156.21678054350696,3.5190952343138093,43.061714916035
26.489734530613237,23.732241688290443,8.96123360662785,58.883983058441224,30.116714280905832,56.42552636601236,6.588220777638613,173.11227828050818,12.247315752542082,50.30605011566287
28.361689267011158,24.670777775723025,9.412975290750325,60.948966029585,31.42796401295176,57.135944757119205,6.316486080458339,140.29033665817016,8.896437870429207,64.45561269998326
28.039459234339212,23.00584326642735,9.507633735451043,66.61433963106852,31.608871762361336,60.82053502066586,6.08620488967564,163.03324301228687,12.459299011763445,59.522400655183944
22.682425259339407,20.399136018433058,7.871459998859212,50.09119393123738,28.497788446074118,57.00171554888664,6.543071941523188,164.76611960234266,14.261098405912643,57.876108010855766
31.48060138532288,26.204400567376712,10.651688404448445,65.65151852360155,36.07124946210467,62.05774311079992,5.963930494007196,155.47696779462117,12.733757954884933,54.13085789436713
31.305276360899448,22.756469497455075,10.289579628498885,63.85372821006423,33.93900347396156,64.97226064085406,5.039324758252697,147.82249735374836,22.262337672353727,48.9394627501049
30.025567283212304,22.19785609285304,9.953695197905017,65.94983702535012,35.21326060157412,69.352421021753,6.718279902078834,129.54581811083557,16.6337238230116,45.07992669375973
28.827064333124266,22.97664372405726,9.452366556780818,63.84417488451225,32.05408885954881,66.82582398127624,6.951967420543098,158.54517605061176,16.502371798054142,58.73709830299827
22.92314628974793,21.034678841450273,7.788085234909157,78.81165963518633,28.98979334479703,45.651916623674225,5.318533782229081,155.0422358451131,18.11103572021701,55.15421158378538
27.896773386173205,24.570201824282613,9.444492114460932,56.056789480458754,25.743461978107597,41.65029342600756,5.995134647645031,163.14847431639834,9.305834411096154,60.26727127437991
28.286427417366152,27.09392614258218,9.637325948538916,57.06659532693192,34.72083947452714,66.34073857083122,6.809577130502599,147.54226848650683,20.195558937101342,44.641872104773526
25.988613653891903,24.70962607334999,8.612151031332045,55.410321250158646,31.63263362002912,48.62387866881639,7.528747734855849,200.60163416585252,14.621178567322701,31.15598151762621
29.193571441669953,24.27690866090812,9.931992616522118,57.23361162338594,35.51017319458093,58.862142195920185,6.510396853837704,147.78047157408702,18.352403086206063,61.79532557443392
32.02025428407269,25.97209472623097,10.877203856982797,57.70900469517694,25.523386435862548,54.223386816435365,6.135998529385433,180.74912930438907,9.640713834799222,50.39126852251634
39.43092950605265,27.710406023750707,12.911965832460535,75.28450405128147,44.92368181797377,54.98778759117671,6.4085517794475795,172.62940503190947,7.231206169919679,47.75663927460896
30.872889064159196,25.39941826009482,10.63722588175937,73.71318960958251,33.10496455402999,65.40126144234495,7.1874382095740925,158.94983589886488,19.089448290125144,57.39006497407736
31.28775195361382,25.066558698966634,10.231567746263432,57.94913043144972,37.09719962238084,67.2155124896482,6.1770179104377325,197.27639695656757,16.882047630487584,47.638849785564915
29.627770421169163,25.45932233126076,9.639400185688466,55.19226358363384,29.656944471324906,56.70386648973138,6.100403996674873,137.13130333161914,10.489742228212448,65.35449272636001
20.406143923504793,18.54861007464775,6.766099127270582,61.93378202049315,29.082008069290588,36.14700470143899,6.258628238908984,180.96936586128987,10.651684593626527,60.844217198953714
29.867430622753915,25.9724083398593,10.259438049124011,57.52918789485379,29.76021168413138,57.08349029816036,6.023335695870644,180.24500331956602,20.627173922073847,56.522106270967846
30.301151049705133,28.21605335085772,10.221218446182352,67.18391496192613,31.309383747735666,63.95343377261142,6.561335157997398,152.2009473984411,9.05294053566336,41.81397262016297
42.316210562426434,30.9405849842995,13.683746234545838,68.54986839178098,46.13182039905622,59.268966412279596,7.31233922923478,200.97269829363438,23.213364766279817,60.5127574707241
29.038195176094387,25.322521032245078,9.767452278092279,49.4893251504599,31.85086990336659,61.610256061720165,6.661539636558015,161.61446607360108,10.496896326760655,57.36405714895824
31.507736711668063,27.134156339256258,10.227223204040742,74.98313629530772,34.556940646540006,61.948246753956674,6.373823248936856,169.5121050749657,18.191959628041914,47.21124879351701
29.826441151473784,24.11077963196522,10.4370827413655,76.29759784535369,35.50606788295053,64.93354930323926,6.3540943655422275,168.74738043084668,13.356907621255077,54.755430862794974
24.15660981190234,22.526489869572003,8.272827179965747,54.760334400885846,30.98101155105922,57.74668944723071,5.718404595651672,154.49787112710575,18.015937155411716,33.22967909331094
35.7141140725751,27.88224183785114,11.73611318069351,61.18403314954217,36.87972515897579,58.188397264631675,6.941554888573579,185.63171434893144,12.279429989429037,57.946813120092195
33.75966516343387,27.075184778814602,11.273052873809899,65.79078919117279,36.350682105459,72.00776612605515,6.461081401493599,180.48058842598027,14.18603546963853,42.61326718336002
33.95515973521523,25.43156029989668,11.282749766911913,66.25771821398229,42.58334259684396,62.65890480346187,6.409760043204687,129.12696096728325,15.204595876978606,38.87099920307536
25.453062726026303,22.775551711531037,8.680695622663718,65.44957927179317,30.098981244515024,57.62601213164889,8.096553783922431,207.05234269678738,9.989062721092637,39.781876777274775
37.013971554680495,29.502982359831147,11.946096575315085,80.887224932003,37.811680072953195,59.37690437476397,6.6493764541828435,133.24392478111497,18.704121727100627,61.774822886348936
22.990744686038596,24.397659558609384,7.991517077238777,57.780720054463046,31.946409999645994,52.990545521886446,6.124104474952408,181.89196883635722,12.433932167642073,47.49039997925108
32.93428546900135,28.385684386671088,11.256690539995413,56.78733623129291,38.077149080274765,56.86038083011264,6.2868212018972285,185.40231475552395,13.857000423299906,68.40877688751505
40.952278129049894,34.78250397954806,13.554767447945963,55.34635742750375,43.132457794111076,67.45597227087097,7.074222854598378,148.92289994167982,10.028253126957438,49.6278588059983
25.04731837434656,20.98896406139718,8.832832837631846,54.171487030203274,31.94458169069549,69.515082223039,6.556635205268882,157.35006629359714,2.1883317060234475,41.832254571058805
27.16851135198614,25.328896949434426,9.048310270309605,60.60238875780408,27.872092073000232,49.414649945870806,5.780861010841317,135.69451673869446,14.044861186999155,41.81232500701383
30.498256825438204,25.615812424195806,9.951556083579744,76.55576563831758,38.19924869216621,50.053849992669555,6.959614467287602,165.2977240671013,27.06307710806458,58.8265776460371
27.482621729419005,28.120916731144845,9.219629134805773,56.85215829947823,28.05053685859534,69.53602750304856,6.165927957230503,155.4985938885902,18.92302143949012,48.97950750088826
22.246682844669337,19.506744851624365,7.68514983585854,60.688976750978924,29.2559161025187,54.107412251205474,7.436648888108773,189.95969952647454,14.903698101328027,47.065277984429976
30.342814874030136,23.49196375265352,10.32168276590323,62.00574278103004,30.942861374360007,56.556461241201674,7.040024032857325,196.60641525096543,13.685545853958661,54.75740933154855
24.688481431369475,21.145455424796694,8.068051503467878,69.38253876013246,29.620673819042707,64.56126981373117,6.276339052170624,190.67706673750536,15.112329464060231,57.46166262964533
32.36796215317591,21.93618962796834,11.016298709844895,83.16264426825933,35.407064522815986,58.418264729065086,7.140508180867556,160.1617212771095,17.73559557587605,62.30619037108658
25.402878828830985,21.64992937105397,8.589262068933497,55.91420134816983,31.20579894364941,70.56408317501024,6.533927755263702,161.15484007774646,9.095935923455777,69.93702433720136
37.7496720250877,27.356570689436452,12.239525393536825,61.1843532698893,38.91556547775848,71.17025151693628,6.926386837561109,135.59510453119208,20.571608473344362,46.11650930543696
26.083733538318814,23.34265434211182,8.622699186443612,68.7867804318801,35.49137393016723,54.84323361980324,6.7423664086472375,151.3062627565486,18.57690657720622,37.45106985057651
28.38969241897162,24.87835816104013,9.185936391318332,66.81100888459915,33.39441835592491,74.97394218613866,6.076821672504563,180.06524938699476,18.59092862853967,46.5698840744974
34.06758608684835,30.786134721855948,11.384909942846889,78.40069304062762,34.70808174623706,59.60730579977047,6.178225083841269,194.09390730937733,17.192378694048635,54.00661571880454
23.845678417830225,23.823686885287213,8.168367118786747,64.2096968497398,32.19966855556321,61.8866424965463,7.0149804087905805,145.46282665030736,15.09808328846995,42.81336909365891
31.137299673020646,24.414842525185517,10.083197721957983,59.580583142911784,37.25079127058631,63.891157833959895,6.33261233394673,151.47683815640943,18.3643061798341,41.24633776113252
36.53571377141214,26.471027543009356,11.701698377010917,69.33952415410333,33.238604817436304,74.68718866578008,6.298175768379002,162.45364254461148,17.95907066870689,54.45834348114541
21.96258382719386,21.965130256609942,7.521618208300132,67.6546621755408,29.96975050586589,66.30438705612367,6.022438710325323,165.82761027964537,13.22979644529488,52.89857826164805
30.92316929266152,22.821118232289475,10.610755092856333,68.93312516664352,35.6574198025296,61.870247548323434,6.71179953279673,150.9259249295344,12.131991135515495,54.26197438635812
31.299413971242117,29.312624517329766,10.337905921099914,66.57795783735523,32.88695787266529,56.635664687446194,7.531262459621573,183.7938454854975,15.509281476309933,44.66040591484434
33.909114358886555,29.31343742088585,10.872105717042345,72.09704326026785,39.47258905526679,66.95618505179439,5.966233542872864,150.1855484873103,22.74510075747594,46.32344247920436
23.81524644560959,20.969271918595386,8.095425320865687,68.88046330180921,28.83898110626817,51.92666492366197,6.512109728336379,164.8320518657982,8.804464621730496,46.3554362464517
23.397716934578618,18.272589409107553,7.964770366424051,70.41635870213166,29.415359521161797,70.4721125868914,7.206110277707714,182.98678773715113,7.6623736712378,65.07079727562898
32.60970782808449,29.01259866237307,10.243535019837033,68.23356223195094,34.046609223999084,63.7825427972383,6.460179304377142,164.73023843999016,15.823804206182583,62.44059124414623
31.48492336616593,25.513381992577727,10.434618036546215,61.25702470393154,33.93769116244396,59.482195497131386,6.726185898124867,158.5341411707173,15.25443850928009,33.91090212297902
31.252464251729382,28.101864749811615,10.329552369477078,63.67469519215834,30.462653290352023,63.16948711726493,5.96880323592656,157.495836280749,15.866708321852041,42.77153723714988
31.732241047484877,22.677265206153706,10.658913587208147,72.34496815106081,29.719191980708043,52.78268470653154,6.714153548603824,165.37427630193153,16.219765989542502,36.92482445432796
26.599876392107547,22.10118815014623,9.349754136621334,54.10446518894513,35.74344102493944,51.81861520490072,6.406427867497726,156.6640580773347,13.883988726825974,46.55776629251803
31.161268485805017,25.591121642338877,10.573693551651056,65.41389386530521,31.155877046528026,70.2157852956745,6.9928649978399315,164.75272872505727,22.449317193010412,47.940961705591185
31.465362366493405,25.826642370776185,10.385830971837056,59.43943444797848,30.90504037152712,57.42749370374561,7.093693025782375,202.90987366791808,6.995480107617421,42.005807749205985
26.42824290986816,22.313990511975593,8.707167691212113,60.801255747425806,24.39677540510975,51.17139315813414,7.794781821009307,189.16620716891785,10.857514876098769,45.35264443069748
39.328872555723784,30.91013614255689,13.313333727367107,75.95916392314791,36.680438290365764,71.28678005669765,6.789816586606788,161.98855950548466,14.483726199254763,42.718563179557634
32.36916460455894,24.04934144351428,10.72259306817058,64.4764583859828,30.45222938251287,70.95834430583224,6.662898158291084,180.56806967312554,6.784055944229163,58.680645321874856
24.043482513986756,21.73698228695079,8.215830612578616,59.98888539084389,34.35213498880116,61.8631109344462,6.597192150788668,159.2955317127665,14.120727977839644,53.63307938144268
33.28276804316915,26.881975285008373,10.980005395528744,52.43425808942831,37.99911209392939,70.27027143085911,6.323416853594656,186.69666128767938,23.30735082864009,41.12894905230742
25.126591648863393,23.592173492549193,8.577594446812588,66.02066518776313,28.011503953784864,52.29104853421815,6.669241921730846,174.08526306127033,15.104432441479808,54.21599250065408
33.93542301871226,28.390941265533908,11.151754823228888,68.7380426566135,42.11856122726028,53.80212144590567,6.352299294930486,161.37695006922027,16.153504528593416,46.45644688983064
35.79297789503702,25.647204763842772,11.623160967135059,81.62322894445849,39.42108319799699,75.56442009021433,6.584230488134807,174.79664339755362,8.699176174137099,52.93386080967092
25.89658840824145,19.88006586264948,8.659604734224356,57.89640948367257,29.563458894419,55.868853013874066,7.1587987678039795,140.1704646366698,11.918192959802614,70.77542442308406
34.816880646221605,29.963793966907822,11.438513539823282,65.67995487980015,28.39191124311224,62.61598533716979,5.996728717360179,137.4319377954057,13.124018098380315,66.84260146871333
32.063904634682494,26.696580341300432,10.510486436177995,64.82063132355904,41.11117049858172,71.74209223722114,7.0699392805645225,146.82089267766412,13.41142451621883,40.29847537261461
34.11030079997245,25.558177326873118,11.0905210834563,76.26374655809678,31.29746307969268,67.77082062578533,7.158557533669932,174.44443723197344,21.408218975018844,57.59321469128232
39.48396491326974,32.84428640767992,12.866475519519302,65.03122170621228,33.75418270709117,70.82998984386006,6.44096573650446,199.05995735474644,17.78845530362562,59.2197378931031
28.773059419985646,24.61787897857854,9.580922382511522,63.74139597415697,35.3315469480203,75.29615800829754,5.439072550495703,199.01672842880967,9.44271021531484,43.796012004816404
26.23131917821255,25.474253957233927,9.170194351180303,65.35569974901733,38.05804872594535,53.857295812087784,6.196089006452784,174.72191209334298,16.232523892160025,60.07151449146859
25.552427851872384,22.91125088875641,8.135534393883113,61.71384412599981,34.48427516665498,64.38158039287933,7.1484972732805545,181.5018622316947,17.491108742483924,66.63376481288357
25.920948575172808,27.08197013735038,8.994585942936334,56.7969105136649,32.24429650526076,58.543755876900555,6.488565968850559,128.8645050054508,20.700745192606334,38.424179341252696
29.614491452929478,28.31792741135115,10.133564474378367,63.39851652435825,34.55295789675354,62.61028996909343,6.000348883852545,149.15001284384502,22.902703432841868,39.37362007343643
31.70575987408322,25.354951640083463,10.097049915743336,71.27135794851146,36.58370260079086,72.89331089674597,6.247612539385892,146.72045035569414,9.924529040860657,65.2143501480047
31.383453996650097,27.63486890023376,10.346498680178959,54.34125920337156,36.10685816735035,65.52326809168244,6.920310013252276,156.78614816750044,10.94571244394831,57.242096886282326
34.13591624518012,28.358710021760356,11.166486700354877,64.71812389124706,36.3251240190162,67.66321392497352,6.7733667841006895,164.3707914693111,8.71211070542692,61.15870739968177
30.065009459389536,27.769767844759464,9.738000498873296,56.425037264242434,33.35160898748935,68.5530579827413,6.380533950415153,154.36352795020898,13.829900704465093,56.49094181177242
37.26767038578659,26.703988271733085,12.024737778217801,74.46744118571337,37.17282284777338,63.53270016325041,6.316587794092656,123.5798817334108,17.331791872231673,55.2410632731656
28.67671583381022,25.710460836901987,9.3808995810499,49.28519109525389,29.944135733686103,54.199233412294106,6.304120925478089,177.99941437713156,19.93667258294551,36.76694242541642
43.600845832948096,33.917271890173225,14.430707838569154,62.968963555006525,40.318482269168534,63.206927724916426,6.038794907750749,138.93308856271136,14.620244881787386,63.16305462532078
33.128336738825034,23.046689396566286,11.125636700277001,66.26902969604619,29.798131600708864,49.42533959154551,7.307687844734721,177.8618157295702,13.40076238372578,64.99551873241485
25.714212217918586,20.490589083627743,8.968574684374408,72.80987712104215,30.133508450366904,72.39339846212528,6.33883976539433,204.87005104894274,15.758789961243702,49.82669757869787
24.64553750969444,18.244304399327017,8.537995665716979,59.33221291529387,26.82154918436391,49.52941769673432,7.108579260412748,152.69810077239902,10.824285491849885,54.15308775593644
32.41236207621593,25.667367369218848,10.497898268621332,58.52334861694079,31.136649294082247,61.13987808825074,7.2606580259612254,122.00082980468567,25.447693608473866,31.965078170205842
28.882686073370746,25.8764275482773,9.559901768755267,76.60233098487302,32.86929409748288,58.280187152137074,6.99915544907398,164.2714700531376,6.961694864409706,61.66170012797349
33.57000247046046,29.789715339422287,11.16887565338372,51.84388978485423,39.318008341310076,65.65084861398603,6.284189843640976,184.8610911363812,15.923702894478623,57.758722969902124
32.366188122867726,26.331283622273414,10.465430875081928,45.356027596186436,37.174662691727576,68.36649217378249,6.701865045168304,206.1855995360949,25.118031096148197,46.81907428193279
29.635855436715637,28.0751588095004,10.033356317049169,65.37445777511292,28.07001145115985,66.76841322421916,6.487902196804542,140.28803007899708,15.03399922279999,63.72653398730503
25.766031409657977,20.122812788399205,8.681744343265766,56.2899787690423,27.490734436083773,53.95467991677802,6.048149069634936,170.41547516107977,14.049804824992528,49.634325277704335
22.425763876570677,17.80611705957503,7.652765001461283,50.800443013582566,31.277771889907054,54.528182717094595,6.662179640860802,157.31558727300694,13.212772885947864,59.03967281596208
27.767425239664895,23.77261722203921,9.472419565540168,66.77382167426079,28.712992963184007,61.415257321183525,5.910480104420099,156.98583395811826,14.098041591187961,42.754335817484865
34.28199397161736,27.909127883687297,11.373450853782415,65.66320329881654,34.89529693297934,62.25655789684732,7.093839694230782,223.82526388264853,21.864242373382652,48.832357304566294
31.07046872065102,25.469844864137325,10.24894738303149,57.91555844236659,35.292437529464266,73.00074713659566,6.267691351350804,132.617506945605,3.940690443352466,56.28611219929541
23.771306106440058,17.750768853140276,8.363257792604866,49.266087253208866,26.35775029927313,60.0767389359758,6.60057982793642,171.08059150925567,22.667168506481627,50.9194949671686
30.86590462925591,25.254712235602376,10.043558723256792,69.32602047794353,33.83566929599142,66.75027774282786,6.641643935773071,175.77030279303938,7.880214237749275,52.36462359279178
31.926586898644185,23.354354448312385,10.701163190982108,67.97224418312696,30.153875654431896,66.98877970972282,6.370547513147962,185.42120163026658,13.666738353827926,51.85190486636936
25.580712818994336,24.129701507157243,8.792834097291978,59.43887821736267,28.54432475954296,66.1208159756933,6.793346900737637,169.8931320767943,12.85377789850669,61.833582765161715
30.76862552972764,26.117509257057517,10.168678371055494,77.08054618027238,34.4205211202642,62.805188781735296,6.262548171688738,168.7864925069694,17.9427663488536,46.660974453191024
30.29104359223,23.26576222346029,10.152539682117423,53.55573930628278,28.39564495474299,52.12590687887007,6.935648648728622,161.5235151388504,7.009378240581262,40.42953987232258
24.285148510846884,21.114840420750056,8.035321837977005,47.50985803694084,30.892513320389327,59.79741961986131,5.827010159876625,163.6526404236684,17.310863330409713,68.84040737684934
31.788936801741418,23.776041357092808,10.721486444363805,57.18031016164661,34.014448684264806,57.69275750467619,6.563189789773206,158.76805238778385,25.121548116434262,61.25376672868774
32.803922631841175,26.276603121374244,10.804196362263754,62.75688092189249,36.33982344235615,59.262429070040525,7.469464499529142,187.12608279241243,8.184129977035948,42.98530806042584
35.41525621587638,29.617912748940668,11.520032260659107,66.11281808093209,36.920896131719815,68.89522748239912,5.999834337697212,152.60613665609944,15.948530838051978,58.922812633425956
35.26901026017451,25.66305303741617,11.790504923219732,62.177715641219166,40.253827446026236,73.35628868215761,6.161127514737574,169.15328302541946,11.690089111016954,49.12520773897809
23.111653160214544,22.56391961114296,7.7926272099558105,62.061104436200196,29.242665404072447,56.32705824930261,6.756953924829458,166.984282974595,17.12943603096518,54.070154137828006
25.310874800424386,21.59492216346731,8.311570180854604,50.112034526646205,28.89830825687887,59.879443448489816,6.589790890969799,188.41891392514134,15.09573888707876,55.39437184659556
32.5751763360433,24.701842503496962,10.46122706610821,74.58018736700339,34.91199831072283,74.71812804767697,6.6753150496367795,165.7252760245981,11.792565454778451,51.759639269447554
32.56892975456105,26.070404157371406,10.891880916637442,62.37036247468387,36.17125193984579,64.48352308461271,6.744593565073831,131.98528628660068,17.43936142435537,43.44266263195835
32.57523843153024,24.21713457092637,10.516485658959814,71.96846202531711,34.691723269895256,81.01444870133393,6.817360734280885,193.41203735708868,24.021740548933714,41.083719202370546
49.26365745327361,33.52453011594244,16.130056072378956,72.44726575233108,44.679969545575815,78.44312773671234,7.0548499209781115,152.43385319252872,14.045481041363507,43.815340324505826
32.85445255346583,24.03147049155522,10.439949884463006,66.79580677461661,32.60669646865924,50.67277747333536,6.7049093284642565,153.97376651166616,18.59878971074091,42.382383062325104
35.677828200902994,31.768364366284274,12.042639733928905,68.82926952221884,34.41799416788895,70.24787108836382,6.379371172690729,151.88048584603746,8.533635210644182,55.06139949418436
34.770008817466014,27.455531512676465,11.473206138680329,67.48967200712492,31.65418947508053,67.00711486640566,6.836286850601366,195.85163036942998,10.217818115909957,47.7334910509375
33.25695625652899,25.229027112279322,10.957744254584618,68.44456458155194,40.20290398347821,72.3081386581495,7.449940967447608,131.78592539490216,17.362031389401885,58.13950496242525
28.42365377679827,24.63978670986758,9.418112315677693,72.00268175177875,28.322602559905107,64.60882710264849,6.433683126808713,227.091801941287,22.420580142679825,63.66217148201936
33.79484610246634,26.672766951851507,11.218281053610314,65.0901077985983,33.19819206809208,62.68720038384002,6.012735347664679,181.24848965796784,16.7780667439283,45.810434214335416
26.13587392731214,22.625997764589624,8.833235237708672,66.12637963163296,28.526302559679692,49.725024095092934,7.053540334643486,175.00018162901807,13.434709847384228,55.676690081661654
28.815906966299956,25.636286883236828,9.86543246629329,60.80847723222217,34.9743173106133,58.707972075407795,6.439809418023201,163.3002141679063,14.99645702711677,57.498622589470955
27.573182260854484,25.301606550521853,9.294800207988752,72.55021062793757,30.659060321636606,53.347584403133034,5.413665226992982,159.84773376708296,8.747961330151412,60.34604204411704
30.409370696931614,24.14368305324475,10.152871561371859,56.752609862298485,36.988848636180165,57.222895339219065,6.923710838575211,179.6595569533389,18.022576631776833,51.74826436327246
41.573292833367546,29.635009935394415,13.399265407567492,81.03684059663354,37.923503827288926,73.22135381430155,6.232335907023039,175.22767078923152,19.411665311617046,57.7209915277887
20.66367403704126,19.781733624217342,7.187713086368165,57.944206009661755,28.23518690889616,66.15390335638872,6.454733358847919,175.65942290854815,12.739548335834598,58.45271535888928
33.431300951872565,22.111808146465112,11.09095063934018,51.92631956380464,32.55273941134426,66.16461137507166,6.665990165284507,168.45151527795002,12.649789261202493,41.29848114612578
21.936420644051744,17.937828197628768,7.238892514684197,59.79940357690701,34.59729976975121,46.98431301658993,6.595249839889533,162.0057299927488,16.329391148260243,60.52686506976261
27.640340671052833,26.553918870415465,9.022465116894706,55.60772300862209,28.02140914554316,62.460457147277964,6.854725908569519,165.52179341262496,12.816401319797023,62.46470771276891
35.44475298483683,31.012311919420984,11.782078714255592,70.90304958584453,37.19631392158318,73.18774749590534,6.282256814715078,158.92440254009716,14.669336926870887,45.03247049477874
30.321400095477316,24.662627968625902,10.130593116268782,56.9075682037718,35.094170700082685,56.956499736598445,6.7565528990880415,190.2409309282217,25.49860894583258,47.630073881559724
24.61127611035347,23.458751981288266,8.346586165835504,56.275042978423144,31.008162958566576,56.289773110537,6.370226661208042,175.57340105769765,13.764871496270016,59.95085417997568
26.42348145370016,23.834241035937154,8.930731222723125,45.45306673391582,30.298225895586967,58.59925438069449,6.869405240443752,109.8862797111519,13.20829923989389,51.30271218425944
33.39798874467338,32.85675598924716,11.088912964474348,59.740744943876734,34.649331147603746,57.88430392969569,6.807683742006526,181.19485295066048,11.762290971824203,64.84863499174801
26.34816684141432,25.413233243576315,8.796498116362422,41.14823212353407,30.940334520785918,62.98167982589703,6.032280648977702,164.21753038415252,18.720959857499682,74.27824501744377
31.082292947909874,25.285311290993405,10.169026939292499,49.761694591278165,33.20836976386046,60.910968023282436,7.042991058087516,170.05573545195722,14.093879133909486,45.093200106695434
30.22785919951907,23.202848718558684,10.107526810875257,68.174460928962,36.02835287009617,64.09622854701254,6.232018277442976,154.54981371265205,11.75313480839287,40.31298656426581
26.741998261970913,20.15810649047031,8.826924923068267,66.98320057399502,37.6767679619566,52.50695353876494,6.904028899140573,191.522543391126,21.60652016136506,52.23492587536623
40.719720446626624,30.76678749504776,13.297566685130882,69.69154867293037,37.75935691295247,65.44159621037477,6.683643656700671,185.78696580946385,22.098015022568184,56.16661753997735
33.169595111590056,25.07209606522642,10.61036181262945,55.53202889960232,30.7923481282168,68.27538608290743,7.419091838397561,158.73336502750345,11.997882171306475,51.69239517589907
19.874287066711965,17.092636114160634,7.168117247478718,57.56802397754895,26.659726094973415,51.30216888205601,6.388267008814074,172.02371583063143,5.6673002431969195,71.6989565116119
30.93227157384714,24.17299001843852,10.37420096863675,62.34408831681431,41.29849095727124,73.74133706032683,6.3253416019409014,143.8202813285833,20.03756844918461,36.595157778175206
26.69106767615806,21.18243783085024,9.058526249710194,51.409509556922885,28.603616901785642,55.88629407400842,6.490290197056134,137.31053867478272,11.57685087119998,61.140760794716115
34.26216667398112,30.50536660713569,11.475188198983439,75.73205308372965,40.47465042072088,65.55630975204998,6.348410108582862,150.9497565940293,18.953127995813844,44.464827794504146
26.037396307836495,24.78197766781715,9.144313781243463,67.43385684773997,35.655540226931215,64.75431323859718,6.899970950971025,186.24757895736542,5.149480911440822,74.61903860635255
29.426317792665504,24.697213613699518,10.030769350803277,60.00281372642889,30.995025950475316,50.66986232433463,5.691844695781706,175.9809478653388,19.462986691496546,70.19366018593291
32.524936394902284,29.222356475231194,10.389306072204356,63.22506126991716,36.2219110744972,50.441793792566166,5.973158790426823,169.9932963062141,8.944140353596094,47.861363945368474
34.32877597085061,27.319124600720542,11.042717397908042,65.39857285192066,40.48245545189597,53.35054897760476,5.966098539210403,174.16290112906398,18.653820595332622,45.17751834324789
23.998517964721117,20.27669057970403,8.0745916738772,43.26552823849412,28.26172755587021,65.63705129929505,6.975153795986788,180.07510370216704,15.07136533918217,61.06019620020693
28.327493820795258,27.209995064936944,9.503466356280743,59.35357846815333,31.385755212170068,55.96623865330955,7.355306686290962,160.72343495845058,10.230302903016776,51.01354205059646
27.62527344419522,24.890456809466926,9.39111383735239,55.594235393695705,29.8301213246712,77.24508641061442,6.447775390731264,173.11620480079148,12.964818435366098,53.06347860299457
26.73335383713144,21.29218460991281,8.874857388508739,52.68038145569325,27.99574211020026,54.763614495390286,6.415589138404995,180.16408188860362,18.431592284783505,51.03808806303235
38.82727120140548,29.03295824453552,12.68553471331706,63.28210613747456,36.348530085645265,68.4709489633631,6.535026081556591,180.4360874118374,15.529472265576171,33.03853230523535
