index,czas_start,czas_stop,n,ns,multiline,l,t
1,47.589,51.509,2,2,True,102,3.9200000000000017
2,51.593,52.719,1,1,False,10,1.1259999999999977
3,53.511,56.306,1,1,False,11,2.7949999999999946
4,62.604,66.191,1,1,False,22,3.5870000000000033
5,77.202,79.412,1,1,False,17,2.210000000000008
6,79.496,80.997,1,1,False,14,1.5010000000000048
7,80.997,85.71,1,1,False,39,4.712999999999994
8,86.294,88.296,1,1,False,30,2.0020000000000095
9,88.296,93.802,2,2,True,53,5.506
10,93.885,98.39,1,1,False,34,4.5049999999999955
11,98.89,102.894,2,2,True,57,4.004000000000005
12,104.813,106.314,1,1,False,27,1.5009999999999906
13,106.398,109.984,1,1,False,37,3.5859999999999985
14,112.987,113.988,1,1,False,13,1.0010000000000048
15,114.906,118.284,1,1,False,34,3.378
16,118.41,120.203,1,1,False,22,1.7930000000000064
17,120.203,122.497,1,1,False,24,2.293999999999997
18,122.58,125.083,1,1,False,42,2.503
19,130.88,133.091,2,2,True,25,2.2110000000000127
20,134.217,136.803,2,2,True,25,2.5859999999999843
21,139.681,141.599,1,1,False,24,1.917999999999978
22,145.103,147.105,1,1,False,31,2.001999999999981
23,154.696,155.989,1,1,False,17,1.2930000000000064
24,167.709,168.793,1,1,False,7,1.0840000000000032
25,170.086,172.505,1,1,False,38,2.4189999999999827
26,175.216,176.718,1,1,False,19,1.5019999999999811
27,195.987,197.197,1,1,False,12,1.210000000000008
28,198.782,200.2,1,1,False,11,1.417999999999978
29,219.01,220.303,1,1,False,11,1.2930000000000064
30,230.98,236.695,1,1,False,23,5.715000000000003
31,238.279,239.614,1,1,False,11,1.335000000000008
32,242.992,246.413,1,1,False,13,3.4210000000000207
33,251.001,252.794,1,1,False,24,1.7930000000000064
34,252.919,255.505,1,1,False,14,2.5859999999999843
35,257.215,258.216,1,1,False,8,1.0010000000000332
36,258.883,261.594,1,1,False,38,2.7110000000000127
37,262.095,263.096,1,1,False,5,1.0009999999999764
38,263.179,266.516,1,1,False,13,3.337000000000046
39,267.892,269.686,1,1,False,19,1.7939999999999827
40,270.979,273.106,2,2,True,38,2.1270000000000095
41,273.189,275.817,1,1,False,25,2.627999999999986
42,275.9,276.901,1,1,False,9,1.0010000000000332
43,277.902,279.279,1,1,False,16,1.3770000000000095
44,279.404,281.489,1,1,False,32,2.0849999999999795
45,281.614,282.782,1,1,False,22,1.1680000000000064
46,284.701,287.12,1,1,False,9,2.4189999999999827
47,288.496,291.082,2,2,True,48,2.5860000000000127
48,291.207,292.584,1,1,False,15,1.3770000000000095
49,292.709,293.71,1,1,False,4,1.0009999999999764
50,296.212,298.798,2,2,True,44,2.5860000000000127
51,300.091,301.092,1,1,False,7,1.0009999999999764
52,303.72,306.306,1,1,False,41,2.585999999999956
53,307.39,308.6,1,1,False,10,1.2100000000000364
54,309.1,312.02,1,1,False,20,2.919999999999959
55,318.109,319.319,1,1,False,4,1.2100000000000364
56,326.701,327.994,1,1,False,27,1.2930000000000064
57,328.286,329.788,1,1,False,17,1.5020000000000095
58,331.915,334.417,1,1,False,31,2.5019999999999527
59,334.501,335.71,1,1,False,6,1.2090000000000032
60,336.419,337.796,1,1,False,12,1.3770000000000095
61,337.879,339.798,1,1,False,10,1.9189999999999827
62,339.798,341.8,1,1,False,31,2.0020000000000095
63,343.093,344.219,1,1,False,4,1.1259999999999764
64,349.683,351.101,1,1,False,13,1.4180000000000064
65,552.51,556.181,2,2,True,45,3.671000000000049
66,556.306,559.1,1,1,False,16,2.7939999999999827
67,561.394,563.813,1,1,False,38,2.4189999999999827
68,563.897,565.398,1,1,False,12,1.5009999999999764
69,566.9,568.985,1,1,False,25,2.0850000000000364
70,569.11,571.279,1,1,False,23,2.1689999999999827
71,571.905,572.906,1,1,False,18,1.0009999999999764
72,574.199,576.785,1,1,False,30,2.5860000000000127
73,577.494,579.788,1,1,False,38,2.2939999999999827
74,579.913,581.414,1,1,False,27,1.5009999999999764
75,581.498,582.916,1,1,False,20,1.4180000000000064
76,583.917,585.502,1,1,False,14,1.5849999999999227
77,586.002,587.003,1,1,False,8,1.00100000000009
78,587.879,589.381,1,1,False,14,1.5019999999999527
79,590.507,593.301,1,1,False,37,2.7940000000000964
80,593.385,594.886,1,1,False,21,1.5009999999999764
81,595.011,596.513,1,1,False,18,1.5020000000000664
82,596.596,598.181,1,1,False,20,1.5850000000000364
83,598.89,599.891,1,1,False,8,1.0009999999999764
84,600.809,603.895,1,1,False,39,3.0860000000000127
85,603.895,605.897,1,1,False,18,2.0020000000000664
86,605.98,609.317,2,2,True,56,3.336999999999989
87,609.401,611.319,1,1,False,29,1.9180000000000064
88,611.403,613.196,1,1,False,28,1.7930000000000064
89,613.905,614.989,1,1,False,10,1.08400000000006
90,615.115,616.199,1,1,False,16,1.0839999999999463
91,620.912,623.581,1,1,False,33,2.6689999999999827
92,623.707,625.792,1,1,False,16,2.0850000000000364
93,626.292,629.713,1,1,False,29,3.4209999999999354
94,631.006,636.886,2,2,True,72,5.8799999999999955
95,637.012,638.013,1,1,False,12,1.00100000000009
96,638.096,640.181,1,1,False,38,2.0850000000000364
97,640.306,641.307,1,1,False,11,1.0009999999999764
98,641.391,642.6,1,1,False,19,1.20900000000006
99,642.684,645.895,2,2,True,43,3.2110000000000127
100,646.396,648.314,1,1,False,24,1.9180000000000064
101,656.489,658.908,2,2,True,27,2.4189999999999827
102,662.912,664.998,1,1,False,17,2.0860000000000127
103,665.081,667.5,1,1,False,34,2.4189999999999827
104,667.584,669.586,1,1,False,31,2.0020000000000664
105,670.42,671.796,1,1,False,25,1.37600000000009
106,671.88,673.59,1,1,False,10,1.7100000000000364
107,673.715,675.383,1,1,False,25,1.6680000000000064
108,675.508,678.303,1,1,False,12,2.794999999999959
109,678.303,679.804,1,1,False,5,1.5009999999999764
110,679.804,680.805,1,1,False,4,1.0009999999999764
111,680.889,683.099,1,1,False,23,2.2100000000000364
112,683.183,685.101,1,1,False,15,1.9180000000000064
113,685.602,687.896,2,2,True,39,2.2939999999999827
114,687.979,691.608,2,2,True,60,3.6289999999999054
115,692.484,694.194,1,1,False,15,1.7099999999999227
116,694.194,696.905,2,2,True,43,2.7110000000000127
117,697.906,698.99,1,1,False,11,1.08400000000006
118,699.115,702.494,2,2,True,38,3.379000000000019
119,707.916,708.917,1,1,False,12,1.0009999999999764
120,709.0,710.21,1,1,False,4,1.2100000000000364
121,711.294,713.004,1,1,False,40,1.7100000000000364
122,718.301,720.595,2,2,True,52,2.2939999999999827
123,720.595,721.596,1,1,False,22,1.0009999999999764
124,721.68,724.182,2,2,True,46,2.5020000000000664
125,724.307,728.52,2,2,True,58,4.212999999999965
126,728.603,732.399,2,2,True,65,3.796000000000049
127,732.399,735.902,2,2,True,50,3.5030000000000427
128,735.985,738.113,1,1,False,41,2.1280000000000427
129,738.196,742.2,2,2,True,53,4.004000000000019
130,742.2,743.201,1,1,False,14,1.0009999999999764
131,743.284,744.911,1,1,False,26,1.6269999999999527
132,744.994,747.58,2,2,True,51,2.5860000000000127
133,748.206,749.708,1,1,False,25,1.5019999999999527
134,750.208,753.42,1,1,False,26,3.211999999999989
135,753.503,756.506,1,1,False,19,3.002999999999929
136,757.215,760.593,2,2,True,58,3.377999999999929
137,760.719,764.597,1,1,False,26,3.877999999999929
138,764.681,766.099,1,1,False,20,1.4180000000000064
139,766.182,768.685,2,2,True,55,2.502999999999929
140,768.81,770.979,1,1,False,31,2.1690000000000964
141,771.396,773.69,1,1,False,14,2.2940000000000964
142,775.483,781.406,2,2,True,53,5.923000000000002
143,781.406,782.699,1,1,False,21,1.2930000000000064
144,782.782,784.492,1,1,False,28,1.7099999999999227
145,784.617,788.079,2,2,True,52,3.461999999999989
146,789.289,791.499,1,1,False,28,2.2100000000000364
147,791.499,794.502,2,2,True,49,3.002999999999929
148,794.502,796.504,1,1,False,37,2.0020000000000664
149,796.588,798.59,2,2,True,43,2.0020000000000664
150,798.715,802.594,2,2,True,59,3.879000000000019
151,802.719,803.72,1,1,False,4,1.0009999999999764
152,804.304,805.305,1,1,False,12,1.0009999999999764
153,806.306,808.391,1,1,False,26,2.0849999999999227
154,808.892,813.188,2,2,True,60,4.295999999999935
155,813.313,816.9,2,2,True,39,3.586999999999989
156,816.9,820.612,2,2,True,55,3.711999999999989
157,820.695,822.906,1,1,False,40,2.210999999999899
158,822.989,826.785,2,2,True,61,3.7959999999999354
159,826.91,829.287,2,2,True,45,2.3770000000000664
160,829.412,832.29,2,2,True,55,2.877999999999929
161,832.415,835.794,1,1,False,42,3.379000000000019
162,836.294,839.005,2,2,True,47,2.7110000000000127
163,840.006,841.216,1,1,False,10,1.2100000000000364
164,842.217,843.301,1,1,False,10,1.08400000000006
165,846.096,847.18,1,1,False,4,1.0839999999999463
166,847.305,849.516,1,1,False,39,2.2110000000000127
167,849.599,850.892,1,1,False,21,1.2930000000000064
168,858.9,859.901,1,1,False,9,1.0009999999999764
169,859.984,863.113,2,2,True,43,3.129000000000019
170,863.196,866.199,2,2,True,49,3.002999999999929
171,866.282,868.201,1,1,False,33,1.9189999999999827
172,868.284,870.412,2,2,True,39,2.1280000000000427
173,870.495,873.081,2,2,True,49,2.5860000000000127
174,873.206,876.084,2,2,True,51,2.877999999999929
175,876.209,878.003,1,1,False,23,1.7940000000000964
176,878.586,881.506,1,1,False,18,2.919999999999959
177,881.589,883.299,2,2,True,43,1.7099999999999227
178,884.509,885.802,1,1,False,4,1.2930000000000064
179,885.885,888.805,1,1,False,40,2.919999999999959
180,888.888,890.515,1,1,False,25,1.6269999999999527
181,891.099,897.689,2,2,True,65,6.589999999999918
182,899.607,900.9,1,1,False,24,1.2930000000000064
183,901.693,904.195,2,2,True,45,2.5020000000000664
184,905.196,906.698,1,1,False,26,1.5019999999999527
185,910.785,911.786,1,1,False,6,1.0009999999999764
186,913.496,915.999,1,1,False,27,2.5030000000000427
187,917.292,920.086,2,2,True,49,2.7939999999999827
188,920.211,924.007,1,1,False,29,3.7959999999999354
189,924.799,925.8,1,1,False,20,1.0009999999999764
190,927.093,929.304,1,1,False,36,2.2110000000000127
191,930.889,932.515,1,1,False,34,1.6259999999999764
192,932.599,935.894,2,2,True,47,3.294999999999959
193,938.605,940.106,1,1,False,16,1.5009999999999764
194,941.107,944.903,2,2,True,53,3.796000000000049
195,944.903,947.781,2,2,True,48,2.877999999999929
196,947.906,950.116,1,1,False,35,2.2100000000000364
197,950.2,953.119,2,2,True,49,2.9189999999999827
198,953.203,955.205,1,1,False,24,2.0020000000000664
199,955.705,957.499,1,1,False,17,1.7939999999999827
200,957.999,961.294,2,2,True,53,3.294999999999959
201,962.504,966.299,2,2,True,56,3.794999999999959
202,967.801,971.304,2,2,True,49,3.502999999999929
203,972.097,974.307,1,1,False,25,2.2100000000000364
204,974.391,976.101,1,1,False,17,1.7100000000000364
205,976.101,978.812,2,2,True,45,2.7110000000000127
206,978.895,982.691,2,2,True,55,3.796000000000049
207,983.9,984.984,1,1,False,13,1.08400000000006
208,1010.51,1014.014,1,1,False,30,3.504000000000019
209,1016.516,1017.892,1,1,False,33,1.37600000000009
210,1035.91,1037.203,1,1,False,16,1.2929999999998927
211,1037.996,1039.497,1,1,False,22,1.5009999999999764
212,1040.999,1042.0,1,1,False,11,1.0009999999999764
213,1042.083,1043.209,1,1,False,3,1.1259999999999764
214,1043.71,1045.003,1,1,False,11,1.2929999999998927
215,1045.086,1046.212,1,1,False,4,1.1259999999999764
216,1046.88,1047.881,1,1,False,15,1.0009999999999764
217,1054.679,1055.889,1,1,False,18,1.209999999999809
218,1058.516,1059.809,1,1,False,18,1.2929999999998927
219,1061.603,1062.687,1,1,False,13,1.0839999999998327
220,1062.812,1063.98,1,1,False,11,1.16800000000012
221,1064.606,1066.107,1,1,False,24,1.5009999999999764
222,1067.817,1069.402,1,1,False,18,1.5850000000000364
223,1070.487,1073.114,2,2,True,46,2.6269999999999527
224,1073.198,1075.784,2,2,True,46,2.5860000000000127
225,1077.702,1079.204,1,1,False,15,1.5019999999999527
226,1081.498,1082.916,1,1,False,15,1.4179999999998927
227,1084.584,1085.794,1,1,False,11,1.2100000000000364
228,1085.794,1086.795,1,1,False,3,1.0009999999999764
229,1087.295,1089.589,1,1,False,32,2.293999999999869
230,1089.714,1091.508,1,1,False,32,1.7940000000000964
231,1092.384,1093.385,1,1,False,17,1.0009999999999764
232,1095.804,1100.183,2,2,True,61,4.378999999999905
233,1101.184,1102.602,1,1,False,20,1.41800000000012
234,1102.602,1104.396,1,1,False,19,1.793999999999869
235,1104.396,1105.897,1,1,False,14,1.5009999999999764
236,1106.606,1108.191,1,1,False,26,1.5850000000000364
237,1109.609,1112.612,1,1,False,29,3.0030000000001564
238,1114.698,1116.991,1,1,False,20,2.2929999999998927
239,1119.202,1121.204,1,1,False,31,2.0019999999999527
240,1123.498,1125.291,1,1,False,22,1.7929999999998927
241,1126.001,1127.002,1,1,False,5,1.0009999999999764
242,1127.919,1129.004,1,1,False,4,1.084999999999809
243,1130.005,1134.3,2,2,True,75,4.294999999999845
244,1135.885,1136.886,1,1,False,9,1.0009999999999764
245,1138.805,1142.1,2,2,True,54,3.2949999999998454
246,1153.111,1155.905,1,1,False,17,2.793999999999869
247,1156.406,1157.407,1,1,False,9,1.0009999999999764
248,1158.199,1159.409,1,1,False,7,1.2100000000000364
249,1161.786,1163.204,1,1,False,10,1.4179999999998927
250,1163.204,1164.581,1,1,False,11,1.3769999999999527
251,1164.998,1166.207,1,1,False,18,1.20900000000006
252,1175.3,1177.719,1,1,False,20,2.4190000000000964
253,1178.887,1179.888,1,1,False,14,1.0009999999999764
254,1187.604,1188.605,1,1,False,9,1.0009999999999764
255,1189.189,1190.69,1,1,False,17,1.5009999999999764
256,1191.9,1192.901,1,1,False,7,1.0009999999999764
257,1195.195,1196.404,1,1,False,16,1.20900000000006
258,1198.114,1199.199,1,1,False,3,1.0850000000000364
259,1201.284,1202.994,1,1,False,35,1.709999999999809
260,1204.496,1205.997,1,1,False,11,1.5009999999999764
261,1209.0,1210.001,1,1,False,9,1.0009999999999764
262,1214.714,1216.007,1,1,False,17,1.29300000000012
263,1218.218,1220.22,2,2,True,15,2.0019999999999527
264,1220.72,1222.097,1,1,False,16,1.3769999999999527
265,1222.18,1223.515,1,1,False,5,1.3350000000000364
266,1224.182,1229.312,2,2,True,58,5.129999999999882
267,1231.189,1232.482,1,1,False,9,1.2929999999998927
268,1233.316,1235.61,1,1,False,24,2.293999999999869
269,1235.694,1237.779,1,1,False,22,2.0850000000000364
270,1239.489,1241.991,1,1,False,28,2.5019999999999527
271,1247.08,1248.415,1,1,False,18,1.3350000000000364
272,1249.791,1251.001,1,1,False,10,1.2100000000000364
273,1251.793,1252.794,1,1,False,4,1.0010000000002037
274,1257.298,1259.009,1,1,False,22,1.7110000000000127
275,1259.092,1260.093,1,1,False,4,1.0009999999999764
276,1261.219,1262.679,1,1,False,12,1.4600000000000364
277,1263.888,1268.518,2,2,True,43,4.630000000000109
278,1270.52,1273.314,1,1,False,30,2.7940000000000964
279,1273.398,1276.609,1,1,False,26,3.2110000000000127
280,1282.782,1283.908,1,1,False,6,1.1259999999999764
281,1286.202,1288.997,1,1,False,32,2.7950000000000728
282,1289.08,1291.291,1,1,False,29,2.2110000000000127
283,1291.416,1293.418,1,1,False,32,2.0019999999999527
284,1302.01,1303.094,1,1,False,9,1.08400000000006
285,1381.506,1383.383,1,1,False,26,1.8769999999999527
286,1393.309,1394.811,1,1,False,13,1.5019999999999527
287,1395.895,1397.397,1,1,False,10,1.5019999999999527
288,1420.587,1421.796,1,1,False,4,1.20900000000006
289,1422.505,1423.798,1,1,False,12,1.2929999999998927
290,1424.299,1425.8,1,1,False,22,1.5009999999999764
291,1426.301,1427.302,1,1,False,6,1.0009999999999764
292,1427.385,1429.679,1,1,False,32,2.2940000000000964
293,1429.804,1431.514,1,1,False,36,1.709999999999809
294,1432.39,1435.018,1,1,False,33,2.627999999999929
295,1435.101,1436.895,1,1,False,19,1.793999999999869
296,1436.895,1439.397,1,1,False,25,2.5019999999999527
297,1447.113,1450.992,1,1,False,23,3.8789999999999054
298,1454.12,1457.207,2,2,True,54,3.0870000000002165
299,1457.29,1458.708,2,2,True,20,1.41800000000012
300,1458.792,1461.503,2,2,True,44,2.7110000000000127
301,1461.586,1463.296,1,1,False,32,1.7100000000000364
302,1463.38,1466.091,2,2,True,45,2.7109999999997854
303,1466.216,1467.801,1,1,False,25,1.5850000000000364
304,1468.593,1470.804,2,2,True,47,2.2110000000000127
305,1470.887,1473.306,2,2,True,44,2.4190000000000964
306,1488.196,1491.7,1,1,False,22,3.504000000000133
307,1502.085,1503.795,2,2,True,39,1.7100000000000364
308,1503.92,1505.797,1,1,False,12,1.8769999999999527
309,1534.409,1535.702,1,1,False,7,1.2929999999998927
310,1536.619,1538.204,1,1,False,23,1.5850000000000364
311,1539.497,1542.0,1,1,False,14,2.502999999999929
312,1542.083,1544.419,1,1,False,27,2.3360000000000127
313,1544.502,1546.004,1,1,False,21,1.5019999999999527
314,1546.004,1551.301,2,2,True,59,5.2970000000000255
315,1552.01,1553.303,1,1,False,14,1.29300000000012
316,1554.304,1556.389,1,1,False,38,2.084999999999809
317,1557.182,1560.101,2,2,True,51,2.9190000000000964
318,1560.602,1562.687,1,1,False,26,2.084999999999809
319,1562.812,1564.189,1,1,False,16,1.37700000000018
320,1564.898,1565.982,1,1,False,13,1.08400000000006
321,1568.985,1570.195,1,1,False,17,1.2100000000000364
322,1570.195,1571.988,1,1,False,21,1.79300000000012
323,1572.906,1573.907,1,1,False,10,1.0009999999999764
324,1576.493,1579.704,1,1,False,22,3.2110000000000127
325,1610.902,1612.779,2,2,True,34,1.8769999999999527
326,1612.904,1614.698,1,1,False,18,1.7940000000000964
327,1616.7,1619.619,1,1,False,33,2.918999999999869
328,1619.703,1621.079,1,1,False,24,1.3759999999999764
329,1621.204,1622.706,1,1,False,26,1.5019999999999527
330,1622.706,1625.5,1,1,False,38,2.7940000000000964
331,1625.583,1627.293,1,1,False,24,1.709999999999809
332,1628.294,1630.38,1,1,False,28,2.0860000000000127
333,1631.798,1633.299,1,1,False,15,1.5009999999999764
334,1633.383,1635.885,1,1,False,19,2.5019999999999527
335,1636.386,1638.013,1,1,False,25,1.6269999999999527
336,1638.096,1639.806,1,1,False,27,1.7100000000000364
337,1641.099,1642.1,1,1,False,7,1.0009999999999764
338,1642.892,1645.895,1,1,False,38,3.002999999999929
339,1648.189,1651.484,2,2,True,47,3.2949999999998454
340,1651.609,1653.695,1,1,False,38,2.0860000000000127
341,1654.696,1656.406,2,2,True,26,1.7100000000000364
342,1657.198,1658.616,1,1,False,15,1.4179999999998927
343,1658.7,1660.994,1,1,False,17,2.293999999999869
344,1661.119,1663.997,1,1,False,24,2.8780000000001564
345,1666.416,1668.918,1,1,False,11,2.5019999999999527
346,1669.794,1671.796,1,1,False,17,2.0019999999999527
347,1672.797,1673.798,1,1,False,4,1.0009999999999764
348,1673.882,1674.883,1,1,False,20,1.0009999999999764
349,1676.801,1677.802,1,1,False,16,1.0009999999999764
350,1677.886,1679.804,1,1,False,12,1.91800000000012
351,1683.099,1684.684,1,1,False,24,1.5850000000000364
352,1702.41,1703.411,1,1,False,5,1.0009999999999764
353,1705.413,1706.998,1,1,False,30,1.5850000000000364
354,1707.707,1710.21,2,2,True,49,2.502999999999929
355,1710.293,1712.587,2,2,True,48,2.2940000000000964
356,1712.712,1715.382,2,2,True,49,2.6700000000000728
357,1716.299,1718.218,1,1,False,27,1.9190000000000964
358,1718.301,1719.511,1,1,False,13,1.2100000000000364
359,1719.594,1720.887,1,1,False,19,1.2929999999998927
360,1721.012,1724.391,1,1,False,38,3.379000000000133
361,1724.516,1727.018,2,2,True,41,2.5019999999999527
362,1727.102,1729.312,2,2,True,35,2.209999999999809
363,1729.396,1731.981,1,1,False,27,2.5850000000000364
364,1734.401,1736.903,1,1,False,29,2.5019999999999527
365,1737.904,1741.199,1,1,False,30,3.2950000000000728
366,1741.282,1744.494,2,2,True,48,3.211999999999989
367,1744.619,1748.206,2,2,True,45,3.586999999999989
368,1748.289,1749.708,1,1,False,16,1.4190000000000964
369,1749.791,1754.796,2,2,True,61,5.005000000000109
370,1754.796,1755.797,1,1,False,4,1.0009999999999764
371,1757.799,1761.011,1,1,False,22,3.211999999999989
372,1762.095,1764.305,1,1,False,31,2.2100000000000364
373,1764.305,1768.018,1,1,False,31,3.7129999999999654
374,1769.602,1773.189,1,1,False,30,3.586999999999989
375,1773.314,1774.607,1,1,False,22,1.2929999999998927
376,1774.691,1776.818,1,1,False,15,2.1269999999999527
377,1776.901,1781.906,2,2,True,47,5.004999999999882
378,1781.906,1784.701,1,1,False,29,2.7950000000000728
379,1786.286,1787.704,1,1,False,14,1.4179999999998927
380,1787.787,1789.497,1,1,False,19,1.7100000000000364
381,1790.498,1791.499,1,1,False,6,1.0009999999999764
382,1793.418,1794.419,1,1,False,5,1.0010000000002037
383,1794.502,1797.505,1,1,False,34,3.0030000000001564
384,1797.589,1801.718,2,2,True,72,4.129000000000133
385,1801.801,1804.596,2,2,True,53,2.7950000000000728
386,1804.679,1807.098,2,2,True,45,2.418999999999869
387,1807.182,1811.019,1,1,False,30,3.836999999999989
388,1811.102,1812.687,2,2,True,24,1.584999999999809
389,1812.812,1816.191,2,2,True,52,3.379000000000133
390,1817.108,1822.697,2,2,True,58,5.588999999999942
391,1822.781,1825.2,1,1,False,19,2.4190000000000964
392,1825.2,1826.201,1,1,False,4,1.0009999999999764
393,1827.118,1828.703,1,1,False,24,1.5850000000000364
394,1829.496,1831.706,1,1,False,28,2.209999999999809
395,1831.79,1833.583,1,1,False,29,1.79300000000012
396,1833.708,1836.586,2,2,True,51,2.877999999999929
397,1836.711,1838.797,1,1,False,26,2.0860000000000127
398,1838.88,1839.881,1,1,False,15,1.0009999999999764
399,1840.006,1841.883,1,1,False,22,1.8769999999999527
400,1842.801,1844.386,1,1,False,6,1.5850000000000364
401,1845.095,1847.681,1,1,False,26,2.5860000000000127
402,1849.307,1850.392,1,1,False,6,1.0850000000000364
403,1851.518,1854.979,1,1,False,24,3.4610000000000127
404,1855.105,1857.315,1,1,False,19,2.2100000000000364
405,1857.982,1860.402,1,1,False,37,2.4200000000000728
406,1860.402,1862.112,1,1,False,38,1.7100000000000364
407,1862.195,1867.2,2,2,True,45,5.005000000000109
408,1867.2,1868.493,1,1,False,18,1.2929999999998927
409,1868.618,1870.995,1,1,False,35,2.3769999999999527
410,1870.995,1872.205,1,1,False,10,1.2100000000000364
411,1872.789,1875.083,1,1,False,28,2.2940000000000964
412,1877.21,1881.506,2,2,True,64,4.296000000000049
413,1883.008,1884.3,1,1,False,23,1.2919999999999163
414,1885.51,1889.389,2,2,True,52,3.8789999999999054
415,1890.598,1893.893,2,2,True,52,3.2950000000000728
416,1894.019,1895.186,1,1,False,4,1.1669999999999163
417,1895.311,1896.813,1,1,False,12,1.50200000000018
418,1896.896,1899.107,1,1,False,31,2.2110000000000127
419,1899.107,1900.692,1,1,False,16,1.5850000000000364
420,1900.692,1906.197,2,2,True,57,5.504999999999882
421,1906.281,1908.7,1,1,False,7,2.4190000000000964
422,1910.618,1911.911,1,1,False,12,1.29300000000012
423,1913.997,1915.79,1,1,False,27,1.7929999999998927
424,1917.208,1919.21,1,1,False,34,2.0019999999999527
425,1919.586,1920.795,1,1,False,13,1.20900000000006
426,1925.8,1927.594,1,1,False,19,1.7940000000000964
427,1927.719,1929.095,1,1,False,13,1.3759999999999764
428,1939.105,1940.315,1,1,False,7,1.2100000000000364
429,2015.306,2017.6,1,1,False,4,2.293999999999869
430,2030.196,2032.907,1,1,False,26,2.7110000000000127
431,2033.283,2034.784,1,1,False,23,1.5010000000002037
432,2034.909,2036.703,1,1,False,36,1.793999999999869
433,2037.287,2039.998,1,1,False,22,2.7110000000000127
434,2041.207,2042.417,1,1,False,12,1.209999999999809
435,2048.882,2050.383,1,1,False,16,1.500999999999749
436,2052.594,2053.595,1,1,False,7,1.000999999999749
437,2054.387,2058.183,1,1,False,37,3.7959999999998217
438,2058.308,2059.893,1,1,False,19,1.5850000000000364
439,2061.603,2062.896,1,1,False,23,1.29300000000012
440,2064.314,2065.398,1,1,False,5,1.0840000000002874
441,2067.609,2068.818,1,1,False,9,1.2090000000002874
442,2073.406,2074.783,1,1,False,15,1.3769999999999527
443,2075.408,2076.993,1,1,False,23,1.5850000000000364
444,2077.118,2079.496,1,1,False,37,2.3780000000001564
445,2079.496,2082.582,2,2,True,47,3.0859999999997854
446,2082.707,2084.0,1,1,False,13,1.29300000000012
447,2084.0,2087.504,2,2,True,61,3.5039999999999054
448,2087.504,2091.091,1,1,False,36,3.586999999999989
449,2092.592,2094.094,1,1,False,30,1.5019999999999527
450,2094.219,2096.805,2,2,True,32,2.5859999999997854
451,2096.888,2098.89,1,1,False,22,2.0019999999999527
452,2099.599,2103.103,1,1,False,33,3.5039999999999054
453,2104.312,2105.897,1,1,False,16,1.5850000000000364
454,2106.815,2107.899,1,1,False,7,1.0839999999998327
455,2109.401,2111.695,1,1,False,26,2.294000000000324
456,2112.904,2116.908,2,2,True,46,4.003999999999905
457,2116.991,2118.618,1,1,False,30,1.6269999999999527
458,2119.619,2123.498,1,1,False,25,3.8789999999999054
459,2124.791,2127.21,1,1,False,32,2.418999999999869
460,2128.586,2132.507,2,2,True,61,3.9210000000002765
461,2134.092,2139.18,1,1,False,39,5.087999999999738
462,2139.305,2141.599,2,2,True,29,2.294000000000324
463,2142.809,2144.519,1,1,False,19,1.7099999999995816
464,2147.814,2151.317,1,1,False,27,3.5030000000001564
465,2158.283,2159.617,1,1,False,16,1.3340000000002874
466,2160.201,2161.494,1,1,False,12,1.29300000000012
467,2161.619,2164.08,2,2,True,47,2.4609999999997854
468,2164.706,2166.499,1,1,False,22,1.7929999999996653
469,2166.499,2170.879,2,2,True,73,4.380000000000109
470,2177.302,2178.887,1,1,False,20,1.5850000000000364
471,2180.597,2182.807,2,2,True,29,2.2099999999995816
472,2185.685,2188.396,1,1,False,30,2.71100000000024
473,2190.607,2193.485,1,1,False,42,2.8780000000001564
474,2193.61,2197.489,2,2,True,43,3.8789999999999054
475,2197.614,2201.785,2,2,True,58,4.170999999999822
476,2204.412,2205.914,1,1,False,25,1.5020000000004075
477,2205.997,2209.417,2,2,True,68,3.4200000000000728
478,2210.293,2211.92,1,1,False,27,1.6269999999999527
479,2212.504,2213.296,1,1,False,22,0.7919999999999163
480,2217.3,2221.888,2,2,True,68,4.587999999999738
481,2222.597,2224.015,1,1,False,17,1.4179999999996653
482,2224.599,2226.017,1,1,False,27,1.4179999999996653
483,2227.018,2230.105,2,2,True,49,3.086999999999989
484,2231.481,2234.984,1,1,False,42,3.5029999999997017
485,2235.402,2238.405,2,2,True,43,3.0030000000001564
486,2238.488,2240.699,1,1,False,33,2.21100000000024
487,2240.782,2241.783,1,1,False,11,1.000999999999749
488,2241.908,2244.119,1,1,False,40,2.21100000000024
489,2244.994,2245.995,1,1,False,9,1.000999999999749
490,2246.079,2248.998,1,1,False,39,2.918999999999869
491,2249.916,2252.002,1,1,False,38,2.0859999999997854
492,2252.085,2257.507,2,2,True,69,5.4220000000000255
493,2257.59,2260.301,2,2,True,32,2.7109999999997854
494,2260.385,2261.72,1,1,False,10,1.3349999999995816
495,2261.803,2263.805,1,1,False,32,2.0019999999999527
496,2268.685,2270.395,1,1,False,19,1.7100000000000364
497,2271.688,2274.107,1,1,False,17,2.418999999999869
498,2274.19,2275.984,1,1,False,18,1.793999999999869
499,2276.109,2280.78,2,2,True,69,4.6710000000002765
500,2281.406,2283.491,1,1,False,26,2.0850000000000364
501,2283.491,2286.494,2,2,True,43,3.0030000000001564
502,2286.619,2288.788,1,1,False,27,2.168999999999869
503,2289.289,2291.499,2,2,True,25,2.2099999999995816
504,2291.583,2295.503,2,2,True,59,3.9200000000000728
505,2296.296,2297.505,1,1,False,24,1.2090000000002874
506,2298.006,2299.215,1,1,False,7,1.2090000000002874
507,2299.299,2301.593,1,1,False,38,2.293999999999869
508,2302.802,2304.304,1,1,False,19,1.5019999999999527
509,2305.096,2307.39,1,1,False,21,2.293999999999869
510,2308.683,2310.894,1,1,False,39,2.2109999999997854
511,2311.394,2312.812,1,1,False,17,1.41800000000012
512,2313.605,2315.482,1,1,False,19,1.8769999999999527
513,2316.107,2317.692,1,1,False,30,1.5850000000000364
514,2317.817,2319.903,1,1,False,40,2.0859999999997854
515,2319.986,2325.909,2,2,True,51,5.923000000000229
516,2325.992,2327.702,1,1,False,18,1.7100000000000364
517,2327.786,2329.579,1,1,False,31,1.79300000000012
518,2329.704,2332.707,2,2,True,45,3.0029999999997017
519,2332.791,2334.501,1,1,False,25,1.7100000000000364
520,2334.501,2337.504,2,2,True,54,3.0029999999997017
521,2341.091,2343.218,1,1,False,27,2.1269999999999527
522,2347.097,2348.515,1,1,False,15,1.4179999999996653
523,2348.598,2350.892,1,1,False,32,2.293999999999869
524,2351.017,2353.186,1,1,False,38,2.169000000000324
525,2359.401,2364.989,2,2,True,48,5.588000000000193
526,2368.118,2370.203,2,2,True,45,2.0850000000000364
527,2370.787,2371.788,1,1,False,10,1.0010000000002037
528,2371.913,2375.0,1,1,False,36,3.086999999999989
529,2375.5,2378.586,2,2,True,63,3.0859999999997854
530,2378.712,2381.297,2,2,True,48,2.5850000000000364
531,2382.09,2386.011,2,2,True,47,3.9209999999998217
532,2386.094,2389.889,1,1,False,33,3.7950000000000728
533,2390.306,2391.683,1,1,False,10,1.3769999999999527
534,2391.808,2393.518,2,2,True,32,1.7100000000000364
535,2393.893,2395.979,1,1,False,31,2.0859999999997854
536,2396.104,2397.105,1,1,False,5,1.0010000000002037
537,2397.897,2398.982,1,1,False,11,1.0850000000000364
538,2401.317,2402.402,1,1,False,11,1.0850000000000364
539,2402.402,2404.279,1,1,False,25,1.8769999999999527
540,2404.779,2410.702,2,2,True,62,5.923000000000229
541,2411.786,2415.79,1,1,False,35,4.003999999999905
542,2415.915,2417.709,1,1,False,16,1.793999999999869
543,2418.71,2420.295,1,1,False,19,1.5850000000000364
544,2422.088,2423.214,1,1,False,10,1.125999999999749
545,2424.799,2425.8,1,1,False,10,1.0010000000002037
546,2431.806,2433.683,1,1,False,24,1.8769999999999527
547,2452.702,2457.499,1,1,False,30,4.796999999999571
548,2473.306,2474.391,1,1,False,12,1.0850000000000364
549,2477.811,2481.481,1,1,False,42,3.6700000000000728
550,2482.482,2483.483,1,1,False,5,1.0010000000002037
551,2483.9,2485.819,1,1,False,12,1.918999999999869
552,2487.696,2490.407,1,1,False,40,2.71100000000024
553,2491.116,2493.118,1,1,False,18,2.0019999999999527
554,2493.201,2495.495,1,1,False,20,2.293999999999869
555,2497.789,2499.207,1,1,False,6,1.4179999999996653
556,2500.0,2501.209,1,1,False,10,1.2089999999998327
557,2501.71,2503.294,1,1,False,21,1.5839999999998327
558,2503.92,2505.714,1,1,False,29,1.793999999999869
559,2506.297,2507.507,1,1,False,24,1.2100000000000364
560,2508.591,2509.801,1,1,False,16,1.2100000000000364
561,2510.802,2513.513,1,1,False,34,2.7109999999997854
562,2515.181,2516.182,1,1,False,5,1.000999999999749
563,2516.891,2518.601,1,1,False,30,1.7100000000000364
564,2520.311,2521.604,1,1,False,16,1.2929999999996653
565,2523.314,2524.607,1,1,False,18,1.29300000000012
566,2526.901,2529.279,2,2,True,44,2.3780000000001564
567,2529.404,2532.407,2,2,True,47,3.0030000000001564
568,2532.49,2534.993,1,1,False,39,2.5030000000001564
569,2537.704,2538.913,1,1,False,14,1.2089999999998327
570,2653.403,2655.405,1,1,False,25,2.0020000000004075
571,2656.406,2660.41,2,2,True,102,4.003999999999905
572,2662.412,2665.415,2,2,True,41,3.0030000000001564
