INSERT INTO Store (store_id, name, city, street) VALUES (1, 'Meeple Kingdom', 'New York', 'Broadway 100');
INSERT INTO Store (store_id, name, city, street) VALUES (2, 'Dice & Dragons', 'Chicago', 'Michigan Ave 500');
INSERT INTO Store (store_id, name, city, street) VALUES (3, 'BoardHub', 'San Francisco', 'Market Street 321');
--select * from Store

INSERT INTO Publisher (publisher_id, name, country) VALUES (1, 'Rebel Studio', 'Poland');
INSERT INTO Publisher (publisher_id, name, country) VALUES (2, 'Z-Man Games', 'USA');
INSERT INTO Publisher (publisher_id, name, country) VALUES (3, 'Asmodee', 'France');
INSERT INTO Publisher (publisher_id, name, country) VALUES (4, 'Portal Games', 'Poland');
INSERT INTO Publisher (publisher_id, name, country) VALUES (5, 'Blue Orange', 'France');
--Select * from Publisher

INSERT INTO Customer (customer_id, first_name, last_name, email) VALUES (1, 'First1', 'Last1', 'user1@example.com');
INSERT INTO Customer (customer_id, first_name, last_name, email) VALUES (2, 'First2', 'Last2', 'user2@example.com');
INSERT INTO Customer (customer_id, first_name, last_name, email) VALUES (3, 'First3', 'Last3', 'user3@example.com');
INSERT INTO Customer (customer_id, first_name, last_name, email) VALUES (4, 'First4', 'Last4', 'user4@example.com');
INSERT INTO Customer (customer_id, first_name, last_name, email) VALUES (5, 'First5', 'Last5', 'user5@example.com');
INSERT INTO Customer (customer_id, first_name, last_name, email) VALUES (6, 'First6', 'Last6', 'user6@example.com');
INSERT INTO Customer (customer_id, first_name, last_name, email) VALUES (7, 'First7', 'Last7', 'user7@example.com');
INSERT INTO Customer (customer_id, first_name, last_name, email) VALUES (8, 'First8', 'Last8', 'user8@example.com');
INSERT INTO Customer (customer_id, first_name, last_name, email) VALUES (9, 'First9', 'Last9', 'user9@example.com');
INSERT INTO Customer (customer_id, first_name, last_name, email) VALUES (10, 'First10', 'Last10', 'user10@example.com');
INSERT INTO Customer (customer_id, first_name, last_name, email) VALUES (11, 'First11', 'Last11', 'user11@example.com');
INSERT INTO Customer (customer_id, first_name, last_name, email) VALUES (12, 'First12', 'Last12', 'user12@example.com');
INSERT INTO Customer (customer_id, first_name, last_name, email) VALUES (13, 'First13', 'Last13', 'user13@example.com');
INSERT INTO Customer (customer_id, first_name, last_name, email) VALUES (14, 'First14', 'Last14', 'user14@example.com');
INSERT INTO Customer (customer_id, first_name, last_name, email) VALUES (15, 'First15', 'Last15', 'user15@example.com');
INSERT INTO Customer (customer_id, first_name, last_name, email) VALUES (16, 'First16', 'Last16', 'user16@example.com');
INSERT INTO Customer (customer_id, first_name, last_name, email) VALUES (17, 'First17', 'Last17', 'user17@example.com');
INSERT INTO Customer (customer_id, first_name, last_name, email) VALUES (18, 'First18', 'Last18', 'user18@example.com');
INSERT INTO Customer (customer_id, first_name, last_name, email) VALUES (19, 'First19', 'Last19', 'user19@example.com');
INSERT INTO Customer (customer_id, first_name, last_name, email) VALUES (20, 'First20', 'Last20', 'user20@example.com');
INSERT INTO Customer (customer_id, first_name, last_name, email) VALUES (21, 'First21', 'Last21', 'user21@example.com');
INSERT INTO Customer (customer_id, first_name, last_name, email) VALUES (22, 'First22', 'Last22', 'user22@example.com');
INSERT INTO Customer (customer_id, first_name, last_name, email) VALUES (23, 'First23', 'Last23', 'user23@example.com');
INSERT INTO Customer (customer_id, first_name, last_name, email) VALUES (24, 'First24', 'Last24', 'user24@example.com');
INSERT INTO Customer (customer_id, first_name, last_name, email) VALUES (25, 'First25', 'Last25', 'user25@example.com');
INSERT INTO Customer (customer_id, first_name, last_name, email) VALUES (26, 'First26', 'Last26', 'user26@example.com');
INSERT INTO Customer (customer_id, first_name, last_name, email) VALUES (27, 'First27', 'Last27', 'user27@example.com');
INSERT INTO Customer (customer_id, first_name, last_name, email) VALUES (28, 'First28', 'Last28', 'user28@example.com');
INSERT INTO Customer (customer_id, first_name, last_name, email) VALUES (29, 'First29', 'Last29', 'user29@example.com');
INSERT INTO Customer (customer_id, first_name, last_name, email) VALUES (30, 'First30', 'Last30', 'user30@example.com');
INSERT INTO Customer (customer_id, first_name, last_name, email) VALUES (31, 'First31', 'Last31', 'user31@example.com');
INSERT INTO Customer (customer_id, first_name, last_name, email) VALUES (32, 'First32', 'Last32', 'user32@example.com');
INSERT INTO Customer (customer_id, first_name, last_name, email) VALUES (33, 'First33', 'Last33', 'user33@example.com');
INSERT INTO Customer (customer_id, first_name, last_name, email) VALUES (34, 'First34', 'Last34', 'user34@example.com');
INSERT INTO Customer (customer_id, first_name, last_name, email) VALUES (35, 'First35', 'Last35', 'user35@example.com');
INSERT INTO Customer (customer_id, first_name, last_name, email) VALUES (36, 'First36', 'Last36', 'user36@example.com');
INSERT INTO Customer (customer_id, first_name, last_name, email) VALUES (37, 'First37', 'Last37', 'user37@example.com');
INSERT INTO Customer (customer_id, first_name, last_name, email) VALUES (38, 'First38', 'Last38', 'user38@example.com');
INSERT INTO Customer (customer_id, first_name, last_name, email) VALUES (39, 'First39', 'Last39', 'user39@example.com');
INSERT INTO Customer (customer_id, first_name, last_name, email) VALUES (40, 'First40', 'Last40', 'user40@example.com');
INSERT INTO Customer (customer_id, first_name, last_name, email) VALUES (41, 'First41', 'Last41', 'user41@example.com');
INSERT INTO Customer (customer_id, first_name, last_name, email) VALUES (42, 'First42', 'Last42', 'user42@example.com');
INSERT INTO Customer (customer_id, first_name, last_name, email) VALUES (43, 'First43', 'Last43', 'user43@example.com');
INSERT INTO Customer (customer_id, first_name, last_name, email) VALUES (44, 'First44', 'Last44', 'user44@example.com');
INSERT INTO Customer (customer_id, first_name, last_name, email) VALUES (45, 'First45', 'Last45', 'user45@example.com');
INSERT INTO Customer (customer_id, first_name, last_name, email) VALUES (46, 'First46', 'Last46', 'user46@example.com');
INSERT INTO Customer (customer_id, first_name, last_name, email) VALUES (47, 'First47', 'Last47', 'user47@example.com');
INSERT INTO Customer (customer_id, first_name, last_name, email) VALUES (48, 'First48', 'Last48', 'user48@example.com');
INSERT INTO Customer (customer_id, first_name, last_name, email) VALUES (49, 'First49', 'Last49', 'user49@example.com');
INSERT INTO Customer (customer_id, first_name, last_name, email) VALUES (50, 'First50', 'Last50', 'user50@example.com');
--Select * from Customer

INSERT INTO Category (category_id, name) VALUES (1, 'Strategy');
INSERT INTO Category (category_id, name) VALUES (2, 'Family');
INSERT INTO Category (category_id, name) VALUES (3, 'Party');
INSERT INTO Category (category_id, name) VALUES (4, 'Cooperative');
INSERT INTO Category (category_id, name) VALUES (5, 'Card Games');
--Select * from Category

INSERT INTO Employee (employee_id, first_name, last_name, position, store_id) VALUES (1, 'Emp1', 'Lastname1', 'Sales Associate', 1);
INSERT INTO Employee (employee_id, first_name, last_name, position, store_id) VALUES (2, 'Emp2', 'Lastname2', 'Sales Associate', 3);
INSERT INTO Employee (employee_id, first_name, last_name, position, store_id) VALUES (3, 'Emp3', 'Lastname3', 'Sales Associate', 2);
INSERT INTO Employee (employee_id, first_name, last_name, position, store_id) VALUES (4, 'Emp4', 'Lastname4', 'Sales Associate', 3);
INSERT INTO Employee (employee_id, first_name, last_name, position, store_id) VALUES (5, 'Emp5', 'Lastname5', 'Sales Associate', 2);
INSERT INTO Employee (employee_id, first_name, last_name, position, store_id) VALUES (6, 'Emp6', 'Lastname6', 'Sales Associate', 2);
INSERT INTO Employee (employee_id, first_name, last_name, position, store_id) VALUES (7, 'Emp7', 'Lastname7', 'Sales Associate', 2);
INSERT INTO Employee (employee_id, first_name, last_name, position, store_id) VALUES (8, 'Emp8', 'Lastname8', 'Sales Associate', 2);
INSERT INTO Employee (employee_id, first_name, last_name, position, store_id) VALUES (9, 'Emp9', 'Lastname9', 'Sales Associate', 2);
INSERT INTO Employee (employee_id, first_name, last_name, position, store_id) VALUES (10,'Emp10', 'Lastname10', 'Sales Associate', 1);
--Select * from Employee

INSERT INTO Product (product_id, name, price, stock, category_id, publisher_id) VALUES (1, 'Game1', 61.27, 28, 4, 1);
INSERT INTO Product (product_id, name, price, stock, category_id, publisher_id) VALUES (2, 'Game2', 86.46, 50, 5, 5);
INSERT INTO Product (product_id, name, price, stock, category_id, publisher_id) VALUES (3, 'Game3', 143.32, 14, 4, 2);
INSERT INTO Product (product_id, name, price, stock, category_id, publisher_id) VALUES (4, 'Game4', 90.06, 34, 5, 3);
INSERT INTO Product (product_id, name, price, stock, category_id, publisher_id) VALUES (5, 'Game5', 79.57, 19, 2, 2);
INSERT INTO Product (product_id, name, price, stock, category_id, publisher_id) VALUES (6, 'Game6', 71.12, 46, 4, 2);
INSERT INTO Product (product_id, name, price, stock, category_id, publisher_id) VALUES (7, 'Game7', 67.97, 21, 1, 4);
INSERT INTO Product (product_id, name, price, stock, category_id, publisher_id) VALUES (8, 'Game8', 69.92, 21, 3, 1);
INSERT INTO Product (product_id, name, price, stock, category_id, publisher_id) VALUES (9, 'Game9', 30.57, 27, 2, 2);
INSERT INTO Product (product_id, name, price, stock, category_id, publisher_id) VALUES (10,'Game10', 99.15, 20, 4, 1);
--Select * from Product

INSERT INTO Transaction (transaction_id, transaction_date, customer_id, employee_id) VALUES (1, '2025-03-23', 43, 5);
INSERT INTO Transaction (transaction_id, transaction_date, customer_id, employee_id) VALUES (2, '2025-01-15', 45, 2);
INSERT INTO Transaction (transaction_id, transaction_date, customer_id, employee_id) VALUES (3, '2025-01-04', 39, 3);
INSERT INTO Transaction (transaction_id, transaction_date, customer_id, employee_id) VALUES (4, '2025-04-05', 35, 4);
INSERT INTO Transaction (transaction_id, transaction_date, customer_id, employee_id) VALUES (5, '2025-02-05', 11, 8);
INSERT INTO Transaction (transaction_id, transaction_date, customer_id, employee_id) VALUES (6, '2025-02-01', 25, 5);
INSERT INTO Transaction (transaction_id, transaction_date, customer_id, employee_id) VALUES (7, '2025-01-29', 41, 9);
INSERT INTO Transaction (transaction_id, transaction_date, customer_id, employee_id) VALUES (8, '2025-01-18', 15, 6);
INSERT INTO Transaction (transaction_id, transaction_date, customer_id, employee_id) VALUES (9, '2025-04-05', 50, 1);
INSERT INTO Transaction (transaction_id, transaction_date, customer_id, employee_id) VALUES (10, '2025-01-14', 15, 1);
INSERT INTO Transaction (transaction_id, transaction_date, customer_id, employee_id) VALUES (11, '2025-03-28', 21, 7);
INSERT INTO Transaction (transaction_id, transaction_date, customer_id, employee_id) VALUES (12, '2025-04-05', 18, 2);
INSERT INTO Transaction (transaction_id, transaction_date, customer_id, employee_id) VALUES (13, '2025-04-25', 14, 10);
INSERT INTO Transaction (transaction_id, transaction_date, customer_id, employee_id) VALUES (14, '2025-03-11', 46, 6);
INSERT INTO Transaction (transaction_id, transaction_date, customer_id, employee_id) VALUES (15, '2025-01-12', 14, 8);
INSERT INTO Transaction (transaction_id, transaction_date, customer_id, employee_id) VALUES (16, '2025-03-17', 26, 8);
INSERT INTO Transaction (transaction_id, transaction_date, customer_id, employee_id) VALUES (17, '2025-02-24', 10, 5);
INSERT INTO Transaction (transaction_id, transaction_date, customer_id, employee_id) VALUES (18, '2025-01-05', 9, 4);
INSERT INTO Transaction (transaction_id, transaction_date, customer_id, employee_id) VALUES (19, '2025-01-04', 48, 9);
INSERT INTO Transaction (transaction_id, transaction_date, customer_id, employee_id) VALUES (20, '2025-01-12', 35, 5);
INSERT INTO Transaction (transaction_id, transaction_date, customer_id, employee_id) VALUES (21, '2025-01-28', 48, 10);
INSERT INTO Transaction (transaction_id, transaction_date, customer_id, employee_id) VALUES (22, '2025-01-30', 28, 10);
INSERT INTO Transaction (transaction_id, transaction_date, customer_id, employee_id) VALUES (23, '2025-03-06', 26, 6);
INSERT INTO Transaction (transaction_id, transaction_date, customer_id, employee_id) VALUES (24, '2025-03-19', 15, 3);
INSERT INTO Transaction (transaction_id, transaction_date, customer_id, employee_id) VALUES (25, '2025-01-04', 33, 8);
INSERT INTO Transaction (transaction_id, transaction_date, customer_id, employee_id) VALUES (26, '2025-03-13', 6, 1);
INSERT INTO Transaction (transaction_id, transaction_date, customer_id, employee_id) VALUES (27, '2025-01-26', 8, 3);
INSERT INTO Transaction (transaction_id, transaction_date, customer_id, employee_id) VALUES (28, '2025-04-02', 41, 3);
INSERT INTO Transaction (transaction_id, transaction_date, customer_id, employee_id) VALUES (29, '2025-03-25', 44, 7);
INSERT INTO Transaction (transaction_id, transaction_date, customer_id, employee_id) VALUES (30, '2025-03-31', 39, 2);
INSERT INTO Transaction (transaction_id, transaction_date, customer_id, employee_id) VALUES (31, '2025-03-11', 25, 7);
INSERT INTO Transaction (transaction_id, transaction_date, customer_id, employee_id) VALUES (32, '2025-02-23', 39, 8);
INSERT INTO Transaction (transaction_id, transaction_date, customer_id, employee_id) VALUES (33, '2025-01-29', 34, 5);
INSERT INTO Transaction (transaction_id, transaction_date, customer_id, employee_id) VALUES (34, '2025-02-27', 36, 1);
INSERT INTO Transaction (transaction_id, transaction_date, customer_id, employee_id) VALUES (35, '2025-03-17', 44, 2);
INSERT INTO Transaction (transaction_id, transaction_date, customer_id, employee_id) VALUES (36, '2025-02-05', 44, 9);
INSERT INTO Transaction (transaction_id, transaction_date, customer_id, employee_id) VALUES (37, '2025-04-14', 49, 5);
INSERT INTO Transaction (transaction_id, transaction_date, customer_id, employee_id) VALUES (38, '2025-04-22', 50, 6);
INSERT INTO Transaction (transaction_id, transaction_date, customer_id, employee_id) VALUES (39, '2025-01-01', 8, 5);
INSERT INTO Transaction (transaction_id, transaction_date, customer_id, employee_id) VALUES (40, '2025-04-08', 28, 3);
INSERT INTO Transaction (transaction_id, transaction_date, customer_id, employee_id) VALUES (41, '2025-04-14', 30, 1);
INSERT INTO Transaction (transaction_id, transaction_date, customer_id, employee_id) VALUES (42, '2025-01-21', 47, 5);
INSERT INTO Transaction (transaction_id, transaction_date, customer_id, employee_id) VALUES (43, '2025-03-31', 33, 3);
INSERT INTO Transaction (transaction_id, transaction_date, customer_id, employee_id) VALUES (44, '2025-02-24', 33, 2);
INSERT INTO Transaction (transaction_id, transaction_date, customer_id, employee_id) VALUES (45, '2025-02-13', 41, 5);
INSERT INTO Transaction (transaction_id, transaction_date, customer_id, employee_id) VALUES (46, '2025-02-05', 41, 9);
INSERT INTO Transaction (transaction_id, transaction_date, customer_id, employee_id) VALUES (47, '2025-01-20', 39, 4);
INSERT INTO Transaction (transaction_id, transaction_date, customer_id, employee_id) VALUES (48, '2025-01-28', 10, 6);
INSERT INTO Transaction (transaction_id, transaction_date, customer_id, employee_id) VALUES (49, '2025-04-08', 49, 3);
INSERT INTO Transaction (transaction_id, transaction_date, customer_id, employee_id) VALUES (50, '2025-02-13', 35, 9);
INSERT INTO Transaction (transaction_id, transaction_date, customer_id, employee_id) VALUES (51, '2025-01-14', 1, 10);
INSERT INTO Transaction (transaction_id, transaction_date, customer_id, employee_id) VALUES (52, '2025-01-12', 21, 8);
INSERT INTO Transaction (transaction_id, transaction_date, customer_id, employee_id) VALUES (53, '2025-02-18', 2, 2);
INSERT INTO Transaction (transaction_id, transaction_date, customer_id, employee_id) VALUES (54, '2025-01-13', 24, 5);
INSERT INTO Transaction (transaction_id, transaction_date, customer_id, employee_id) VALUES (55, '2025-02-15', 16, 1);
INSERT INTO Transaction (transaction_id, transaction_date, customer_id, employee_id) VALUES (56, '2025-04-19', 16, 10);
INSERT INTO Transaction (transaction_id, transaction_date, customer_id, employee_id) VALUES (57, '2025-02-14', 6, 2);
INSERT INTO Transaction (transaction_id, transaction_date, customer_id, employee_id) VALUES (58, '2025-03-19', 47, 8);
INSERT INTO Transaction (transaction_id, transaction_date, customer_id, employee_id) VALUES (59, '2025-02-03', 5, 9);
INSERT INTO Transaction (transaction_id, transaction_date, customer_id, employee_id) VALUES (60, '2025-04-14', 50, 3);
INSERT INTO Transaction (transaction_id, transaction_date, customer_id, employee_id) VALUES (61, '2025-01-06', 9, 8);
INSERT INTO Transaction (transaction_id, transaction_date, customer_id, employee_id) VALUES (62, '2025-04-04', 36, 3);
INSERT INTO Transaction (transaction_id, transaction_date, customer_id, employee_id) VALUES (63, '2025-02-28', 17, 9);
INSERT INTO Transaction (transaction_id, transaction_date, customer_id, employee_id) VALUES (64, '2025-03-10', 39, 7);
INSERT INTO Transaction (transaction_id, transaction_date, customer_id, employee_id) VALUES (65, '2025-01-16', 14, 9);
INSERT INTO Transaction (transaction_id, transaction_date, customer_id, employee_id) VALUES (66, '2025-04-29', 49, 4);
INSERT INTO Transaction (transaction_id, transaction_date, customer_id, employee_id) VALUES (67, '2025-02-18', 46, 5);
INSERT INTO Transaction (transaction_id, transaction_date, customer_id, employee_id) VALUES (68, '2025-01-11', 26, 6);
INSERT INTO Transaction (transaction_id, transaction_date, customer_id, employee_id) VALUES (69, '2025-03-12', 29, 9);
INSERT INTO Transaction (transaction_id, transaction_date, customer_id, employee_id) VALUES (70, '2025-02-07', 29, 2);
INSERT INTO Transaction (transaction_id, transaction_date, customer_id, employee_id) VALUES (71, '2025-04-17', 16, 4);
INSERT INTO Transaction (transaction_id, transaction_date, customer_id, employee_id) VALUES (72, '2025-03-22', 5, 6);
INSERT INTO Transaction (transaction_id, transaction_date, customer_id, employee_id) VALUES (73, '2025-03-21', 2, 10);
INSERT INTO Transaction (transaction_id, transaction_date, customer_id, employee_id) VALUES (74, '2025-04-24', 36, 4);
INSERT INTO Transaction (transaction_id, transaction_date, customer_id, employee_id) VALUES (75, '2025-04-21', 38, 4);
INSERT INTO Transaction (transaction_id, transaction_date, customer_id, employee_id) VALUES (76, '2025-02-16', 1, 2);
INSERT INTO Transaction (transaction_id, transaction_date, customer_id, employee_id) VALUES (77, '2025-03-15', 46, 1);
INSERT INTO Transaction (transaction_id, transaction_date, customer_id, employee_id) VALUES (78, '2025-01-25', 15, 2);
INSERT INTO Transaction (transaction_id, transaction_date, customer_id, employee_id) VALUES (79, '2025-04-01', 3, 6);
INSERT INTO Transaction (transaction_id, transaction_date, customer_id, employee_id) VALUES (80, '2025-01-09', 5, 9);
INSERT INTO Transaction (transaction_id, transaction_date, customer_id, employee_id) VALUES (81, '2025-01-06', 16, 5);
INSERT INTO Transaction (transaction_id, transaction_date, customer_id, employee_id) VALUES (82, '2025-03-26', 43, 8);
INSERT INTO Transaction (transaction_id, transaction_date, customer_id, employee_id) VALUES (83, '2025-01-30', 14, 9);
INSERT INTO Transaction (transaction_id, transaction_date, customer_id, employee_id) VALUES (84, '2025-04-09', 9, 10);
INSERT INTO Transaction (transaction_id, transaction_date, customer_id, employee_id) VALUES (85, '2025-02-07', 37, 8);
INSERT INTO Transaction (transaction_id, transaction_date, customer_id, employee_id) VALUES (86, '2025-01-11', 16, 8);
INSERT INTO Transaction (transaction_id, transaction_date, customer_id, employee_id) VALUES (87, '2025-04-20', 27, 4);
INSERT INTO Transaction (transaction_id, transaction_date, customer_id, employee_id) VALUES (88, '2025-01-30', 7, 2);
INSERT INTO Transaction (transaction_id, transaction_date, customer_id, employee_id) VALUES (89, '2025-04-21', 43, 7);
INSERT INTO Transaction (transaction_id, transaction_date, customer_id, employee_id) VALUES (90, '2025-01-13', 23, 7);
INSERT INTO Transaction (transaction_id, transaction_date, customer_id, employee_id) VALUES (91, '2025-02-18', 27, 8);
INSERT INTO Transaction (transaction_id, transaction_date, customer_id, employee_id) VALUES (92, '2025-02-05', 47, 1);
INSERT INTO Transaction (transaction_id, transaction_date, customer_id, employee_id) VALUES (93, '2025-02-28', 44, 2);
INSERT INTO Transaction (transaction_id, transaction_date, customer_id, employee_id) VALUES (94, '2025-03-23', 4, 7);
INSERT INTO Transaction (transaction_id, transaction_date, customer_id, employee_id) VALUES (95, '2025-04-17', 47, 6);
INSERT INTO Transaction (transaction_id, transaction_date, customer_id, employee_id) VALUES (96, '2025-02-16', 7, 4);
INSERT INTO Transaction (transaction_id, transaction_date, customer_id, employee_id) VALUES (97, '2025-01-21', 13, 4);
INSERT INTO Transaction (transaction_id, transaction_date, customer_id, employee_id) VALUES (98, '2025-02-17', 35, 8);
INSERT INTO Transaction (transaction_id, transaction_date, customer_id, employee_id) VALUES (99, '2025-02-15', 9, 7);
INSERT INTO Transaction (transaction_id, transaction_date, customer_id, employee_id) VALUES (100, '2025-01-27', 12, 5);
--Select * from Transaction

INSERT INTO TransactionDetail (transaction_id, product_id, quantity, unit_price) VALUES (60, 4, 1, 77.61);
INSERT INTO TransactionDetail (transaction_id, product_id, quantity, unit_price) VALUES (71, 2, 1, 104.78);
INSERT INTO TransactionDetail (transaction_id, product_id, quantity, unit_price) VALUES (70, 1, 1, 140.43);
INSERT INTO TransactionDetail (transaction_id, product_id, quantity, unit_price) VALUES (31, 3, 2, 83.13);
INSERT INTO TransactionDetail (transaction_id, product_id, quantity, unit_price) VALUES (28, 7, 1, 41.4);
INSERT INTO TransactionDetail (transaction_id, product_id, quantity, unit_price) VALUES (1, 7, 2, 140.45);
INSERT INTO TransactionDetail (transaction_id, product_id, quantity, unit_price) VALUES (59, 5, 2, 110.56);
INSERT INTO TransactionDetail (transaction_id, product_id, quantity, unit_price) VALUES (94, 9, 3, 113.39);
INSERT INTO TransactionDetail (transaction_id, product_id, quantity, unit_price) VALUES (20, 4, 2, 48.3);
INSERT INTO TransactionDetail (transaction_id, product_id, quantity, unit_price) VALUES (8, 10, 3, 90.49);
INSERT INTO TransactionDetail (transaction_id, product_id, quantity, unit_price) VALUES (96, 6, 1, 26.52);
INSERT INTO TransactionDetail (transaction_id, product_id, quantity, unit_price) VALUES (62, 9, 3, 40.47);
INSERT INTO TransactionDetail (transaction_id, product_id, quantity, unit_price) VALUES (66, 2, 1, 28.91);
INSERT INTO TransactionDetail (transaction_id, product_id, quantity, unit_price) VALUES (9, 4, 2, 35.59);
INSERT INTO TransactionDetail (transaction_id, product_id, quantity, unit_price) VALUES (73, 4, 3, 97.29);
INSERT INTO TransactionDetail (transaction_id, product_id, quantity, unit_price) VALUES (80, 2, 2, 105.46);
INSERT INTO TransactionDetail (transaction_id, product_id, quantity, unit_price) VALUES (73, 9, 2, 141.51);
INSERT INTO TransactionDetail (transaction_id, product_id, quantity, unit_price) VALUES (27, 6, 1, 54.53);
INSERT INTO TransactionDetail (transaction_id, product_id, quantity, unit_price) VALUES (17, 5, 2, 61.1);
INSERT INTO TransactionDetail (transaction_id, product_id, quantity, unit_price) VALUES (97, 2, 1, 79.58);
INSERT INTO TransactionDetail (transaction_id, product_id, quantity, unit_price) VALUES (73, 2, 1, 89.89);
INSERT INTO TransactionDetail (transaction_id, product_id, quantity, unit_price) VALUES (65, 5, 1, 141.32);
INSERT INTO TransactionDetail (transaction_id, product_id, quantity, unit_price) VALUES (9, 4, 2, 57.05);
INSERT INTO TransactionDetail (transaction_id, product_id, quantity, unit_price) VALUES (57, 9, 3, 59.33);
INSERT INTO TransactionDetail (transaction_id, product_id, quantity, unit_price) VALUES (84, 9, 1, 106.82);
INSERT INTO TransactionDetail (transaction_id, product_id, quantity, unit_price) VALUES (71, 5, 3, 33.47);
INSERT INTO TransactionDetail (transaction_id, product_id, quantity, unit_price) VALUES (18, 5, 1, 135.66);
INSERT INTO TransactionDetail (transaction_id, product_id, quantity, unit_price) VALUES (96, 9, 1, 55.41);
INSERT INTO TransactionDetail (transaction_id, product_id, quantity, unit_price) VALUES (78, 4, 3, 64.57);
INSERT INTO TransactionDetail (transaction_id, product_id, quantity, unit_price) VALUES (88, 5, 3, 83.51);
INSERT INTO TransactionDetail (transaction_id, product_id, quantity, unit_price) VALUES (7, 2, 3, 75.06);
INSERT INTO TransactionDetail (transaction_id, product_id, quantity, unit_price) VALUES (36, 1, 1, 63.36);
INSERT INTO TransactionDetail (transaction_id, product_id, quantity, unit_price) VALUES (17, 5, 1, 116.36);
INSERT INTO TransactionDetail (transaction_id, product_id, quantity, unit_price) VALUES (71, 7, 3, 21.26);
INSERT INTO TransactionDetail (transaction_id, product_id, quantity, unit_price) VALUES (10, 3, 3, 24.68);
INSERT INTO TransactionDetail (transaction_id, product_id, quantity, unit_price) VALUES (48, 10, 3, 39.25);
INSERT INTO TransactionDetail (transaction_id, product_id, quantity, unit_price) VALUES (17, 1, 2, 67.4);
INSERT INTO TransactionDetail (transaction_id, product_id, quantity, unit_price) VALUES (6, 6, 1, 108.67);
INSERT INTO TransactionDetail (transaction_id, product_id, quantity, unit_price) VALUES (86, 2, 2, 121.42);
INSERT INTO TransactionDetail (transaction_id, product_id, quantity, unit_price) VALUES (53, 10, 3, 40.09);
INSERT INTO TransactionDetail (transaction_id, product_id, quantity, unit_price) VALUES (31, 3, 1, 134.58);
INSERT INTO TransactionDetail (transaction_id, product_id, quantity, unit_price) VALUES (4, 3, 3, 140.18);
INSERT INTO TransactionDetail (transaction_id, product_id, quantity, unit_price) VALUES (53, 4, 2, 40.7);
INSERT INTO TransactionDetail (transaction_id, product_id, quantity, unit_price) VALUES (90, 2, 2, 133.38);
INSERT INTO TransactionDetail (transaction_id, product_id, quantity, unit_price) VALUES (61, 4, 1, 126.16);
INSERT INTO TransactionDetail (transaction_id, product_id, quantity, unit_price) VALUES (59, 6, 2, 126.67);
INSERT INTO TransactionDetail (transaction_id, product_id, quantity, unit_price) VALUES (30, 4, 1, 105.8);
INSERT INTO TransactionDetail (transaction_id, product_id, quantity, unit_price) VALUES (52, 6, 2, 132.37);
INSERT INTO TransactionDetail (transaction_id, product_id, quantity, unit_price) VALUES (99, 5, 2, 103.39);
INSERT INTO TransactionDetail (transaction_id, product_id, quantity, unit_price) VALUES (52, 9, 2, 142.1);
INSERT INTO TransactionDetail (transaction_id, product_id, quantity, unit_price) VALUES (15, 5, 1, 95.48);
INSERT INTO TransactionDetail (transaction_id, product_id, quantity, unit_price) VALUES (34, 1, 1, 97.55);
INSERT INTO TransactionDetail (transaction_id, product_id, quantity, unit_price) VALUES (45, 6, 2, 98.81);
INSERT INTO TransactionDetail (transaction_id, product_id, quantity, unit_price) VALUES (66, 2, 2, 136.94);
INSERT INTO TransactionDetail (transaction_id, product_id, quantity, unit_price) VALUES (25, 5, 1, 112.14);
INSERT INTO TransactionDetail (transaction_id, product_id, quantity, unit_price) VALUES (1, 9, 3, 109.29);
INSERT INTO TransactionDetail (transaction_id, product_id, quantity, unit_price) VALUES (95, 4, 2, 76.07);
INSERT INTO TransactionDetail (transaction_id, product_id, quantity, unit_price) VALUES (86, 6, 3, 60.81);
INSERT INTO TransactionDetail (transaction_id, product_id, quantity, unit_price) VALUES (16, 5, 3, 60.21);
INSERT INTO TransactionDetail (transaction_id, product_id, quantity, unit_price) VALUES (53, 6, 2, 110.64);
INSERT INTO TransactionDetail (transaction_id, product_id, quantity, unit_price) VALUES (71, 3, 1, 74.66);
INSERT INTO TransactionDetail (transaction_id, product_id, quantity, unit_price) VALUES (49, 3, 3, 93.98);
INSERT INTO TransactionDetail (transaction_id, product_id, quantity, unit_price) VALUES (52, 9, 1, 59.5);
INSERT INTO TransactionDetail (transaction_id, product_id, quantity, unit_price) VALUES (27, 7, 3, 98.87);
INSERT INTO TransactionDetail (transaction_id, product_id, quantity, unit_price) VALUES (42, 8, 2, 77.48);
INSERT INTO TransactionDetail (transaction_id, product_id, quantity, unit_price) VALUES (28, 9, 2, 123.19);
INSERT INTO TransactionDetail (transaction_id, product_id, quantity, unit_price) VALUES (95, 3, 3, 31.02);
INSERT INTO TransactionDetail (transaction_id, product_id, quantity, unit_price) VALUES (66, 10, 2, 32.14);
INSERT INTO TransactionDetail (transaction_id, product_id, quantity, unit_price) VALUES (97, 4, 3, 60.35);
INSERT INTO TransactionDetail (transaction_id, product_id, quantity, unit_price) VALUES (26, 3, 1, 26.01);
INSERT INTO TransactionDetail (transaction_id, product_id, quantity, unit_price) VALUES (61, 10, 1, 79.2);
INSERT INTO TransactionDetail (transaction_id, product_id, quantity, unit_price) VALUES (81, 10, 1, 113.38);
INSERT INTO TransactionDetail (transaction_id, product_id, quantity, unit_price) VALUES (50, 8, 2, 51.72);
INSERT INTO TransactionDetail (transaction_id, product_id, quantity, unit_price) VALUES (84, 1, 1, 121.19);
INSERT INTO TransactionDetail (transaction_id, product_id, quantity, unit_price) VALUES (29, 3, 3, 87.33);
INSERT INTO TransactionDetail (transaction_id, product_id, quantity, unit_price) VALUES (7, 9, 1, 139.27);
INSERT INTO TransactionDetail (transaction_id, product_id, quantity, unit_price) VALUES (16, 8, 1, 124.18);
INSERT INTO TransactionDetail (transaction_id, product_id, quantity, unit_price) VALUES (86, 9, 3, 97.41);
INSERT INTO TransactionDetail (transaction_id, product_id, quantity, unit_price) VALUES (97, 8, 3, 125.95);
INSERT INTO TransactionDetail (transaction_id, product_id, quantity, unit_price) VALUES (65, 7, 3, 77.97);
INSERT INTO TransactionDetail (transaction_id, product_id, quantity, unit_price) VALUES (21, 8, 2, 53.69);
INSERT INTO TransactionDetail (transaction_id, product_id, quantity, unit_price) VALUES (32, 5, 3, 83.0);
INSERT INTO TransactionDetail (transaction_id, product_id, quantity, unit_price) VALUES (31, 5, 2, 30.07);
INSERT INTO TransactionDetail (transaction_id, product_id, quantity, unit_price) VALUES (37, 4, 2, 63.66);
INSERT INTO TransactionDetail (transaction_id, product_id, quantity, unit_price) VALUES (70, 2, 1, 39.61);
INSERT INTO TransactionDetail (transaction_id, product_id, quantity, unit_price) VALUES (50, 3, 3, 47.81);
INSERT INTO TransactionDetail (transaction_id, product_id, quantity, unit_price) VALUES (54, 7, 2, 90.54);
INSERT INTO TransactionDetail (transaction_id, product_id, quantity, unit_price) VALUES (54, 1, 1, 128.28);
INSERT INTO TransactionDetail (transaction_id, product_id, quantity, unit_price) VALUES (50, 10, 3, 22.54);
INSERT INTO TransactionDetail (transaction_id, product_id, quantity, unit_price) VALUES (98, 10, 2, 82.01);
INSERT INTO TransactionDetail (transaction_id, product_id, quantity, unit_price) VALUES (46, 5, 2, 130.95);
INSERT INTO TransactionDetail (transaction_id, product_id, quantity, unit_price) VALUES (54, 9, 3, 115.5);
INSERT INTO TransactionDetail (transaction_id, product_id, quantity, unit_price) VALUES (78, 4, 2, 48.52);
INSERT INTO TransactionDetail (transaction_id, product_id, quantity, unit_price) VALUES (56, 8, 1, 70.55);
INSERT INTO TransactionDetail (transaction_id, product_id, quantity, unit_price) VALUES (86, 7, 3, 41.46);
INSERT INTO TransactionDetail (transaction_id, product_id, quantity, unit_price) VALUES (60, 3, 3, 89.44);
INSERT INTO TransactionDetail (transaction_id, product_id, quantity, unit_price) VALUES (51, 10, 3, 106.19);
INSERT INTO TransactionDetail (transaction_id, product_id, quantity, unit_price) VALUES (11, 7, 1, 132.69);
INSERT INTO TransactionDetail (transaction_id, product_id, quantity, unit_price) VALUES (24, 1, 2, 69.28);
INSERT INTO TransactionDetail (transaction_id, product_id, quantity, unit_price) VALUES (28, 8, 2, 63.88);
INSERT INTO TransactionDetail (transaction_id, product_id, quantity, unit_price) VALUES (49, 5, 2, 52.8);
INSERT INTO TransactionDetail (transaction_id, product_id, quantity, unit_price) VALUES (11, 8, 1, 117.37);
INSERT INTO TransactionDetail (transaction_id, product_id, quantity, unit_price) VALUES (7, 6, 1, 104.52);
INSERT INTO TransactionDetail (transaction_id, product_id, quantity, unit_price) VALUES (100, 1, 1, 143.45);
INSERT INTO TransactionDetail (transaction_id, product_id, quantity, unit_price) VALUES (26, 1, 3, 39.81);
INSERT INTO TransactionDetail (transaction_id, product_id, quantity, unit_price) VALUES (17, 8, 3, 34.87);
INSERT INTO TransactionDetail (transaction_id, product_id, quantity, unit_price) VALUES (28, 8, 3, 53.31);
INSERT INTO TransactionDetail (transaction_id, product_id, quantity, unit_price) VALUES (48, 3, 3, 98.94);
INSERT INTO TransactionDetail (transaction_id, product_id, quantity, unit_price) VALUES (96, 2, 1, 145.41);
INSERT INTO TransactionDetail (transaction_id, product_id, quantity, unit_price) VALUES (14, 10, 1, 140.76);
INSERT INTO TransactionDetail (transaction_id, product_id, quantity, unit_price) VALUES (74, 7, 2, 142.39);
INSERT INTO TransactionDetail (transaction_id, product_id, quantity, unit_price) VALUES (26, 2, 3, 109.78);
INSERT INTO TransactionDetail (transaction_id, product_id, quantity, unit_price) VALUES (81, 4, 1, 110.64);
INSERT INTO TransactionDetail (transaction_id, product_id, quantity, unit_price) VALUES (39, 10, 1, 123.51);
INSERT INTO TransactionDetail (transaction_id, product_id, quantity, unit_price) VALUES (73, 1, 2, 89.26);
INSERT INTO TransactionDetail (transaction_id, product_id, quantity, unit_price) VALUES (85, 6, 1, 85.77);
INSERT INTO TransactionDetail (transaction_id, product_id, quantity, unit_price) VALUES (44, 1, 2, 126.9);
INSERT INTO TransactionDetail (transaction_id, product_id, quantity, unit_price) VALUES (14, 7, 2, 102.63);
INSERT INTO TransactionDetail (transaction_id, product_id, quantity, unit_price) VALUES (59, 3, 2, 42.9);
INSERT INTO TransactionDetail (transaction_id, product_id, quantity, unit_price) VALUES (67, 5, 3, 125.07);
INSERT INTO TransactionDetail (transaction_id, product_id, quantity, unit_price) VALUES (69, 8, 2, 76.62);
INSERT INTO TransactionDetail (transaction_id, product_id, quantity, unit_price) VALUES (94, 10, 2, 61.9);
INSERT INTO TransactionDetail (transaction_id, product_id, quantity, unit_price) VALUES (32, 2, 2, 134.61);
INSERT INTO TransactionDetail (transaction_id, product_id, quantity, unit_price) VALUES (32, 8, 3, 99.34);
INSERT INTO TransactionDetail (transaction_id, product_id, quantity, unit_price) VALUES (49, 6, 1, 84.26);
INSERT INTO TransactionDetail (transaction_id, product_id, quantity, unit_price) VALUES (42, 3, 2, 47.58);
INSERT INTO TransactionDetail (transaction_id, product_id, quantity, unit_price) VALUES (34, 6, 2, 134.44);
INSERT INTO TransactionDetail (transaction_id, product_id, quantity, unit_price) VALUES (90, 5, 3, 21.32);
INSERT INTO TransactionDetail (transaction_id, product_id, quantity, unit_price) VALUES (25, 2, 1, 113.61);
INSERT INTO TransactionDetail (transaction_id, product_id, quantity, unit_price) VALUES (63, 9, 1, 109.78);
INSERT INTO TransactionDetail (transaction_id, product_id, quantity, unit_price) VALUES (83, 8, 2, 123.08);
INSERT INTO TransactionDetail (transaction_id, product_id, quantity, unit_price) VALUES (12, 5, 1, 72.57);
INSERT INTO TransactionDetail (transaction_id, product_id, quantity, unit_price) VALUES (32, 5, 3, 95.6);
INSERT INTO TransactionDetail (transaction_id, product_id, quantity, unit_price) VALUES (61, 9, 3, 64.69);
INSERT INTO TransactionDetail (transaction_id, product_id, quantity, unit_price) VALUES (96, 9, 2, 65.74);
INSERT INTO TransactionDetail (transaction_id, product_id, quantity, unit_price) VALUES (59, 5, 2, 52.68);
INSERT INTO TransactionDetail (transaction_id, product_id, quantity, unit_price) VALUES (16, 4, 2, 35.54);
INSERT INTO TransactionDetail (transaction_id, product_id, quantity, unit_price) VALUES (69, 3, 1, 48.13);
INSERT INTO TransactionDetail (transaction_id, product_id, quantity, unit_price) VALUES (62, 5, 3, 96.65);
INSERT INTO TransactionDetail (transaction_id, product_id, quantity, unit_price) VALUES (98, 9, 3, 56.79);
INSERT INTO TransactionDetail (transaction_id, product_id, quantity, unit_price) VALUES (13, 4, 2, 49.57);
INSERT INTO TransactionDetail (transaction_id, product_id, quantity, unit_price) VALUES (23, 5, 1, 112.04);
INSERT INTO TransactionDetail (transaction_id, product_id, quantity, unit_price) VALUES (17, 5, 1, 146.66);
INSERT INTO TransactionDetail (transaction_id, product_id, quantity, unit_price) VALUES (71, 5, 3, 142.73);
INSERT INTO TransactionDetail (transaction_id, product_id, quantity, unit_price) VALUES (82, 8, 1, 133.45);
INSERT INTO TransactionDetail (transaction_id, product_id, quantity, unit_price) VALUES (74, 5, 2, 82.23);
INSERT INTO TransactionDetail (transaction_id, product_id, quantity, unit_price) VALUES (44, 3, 1, 52.82);
INSERT INTO TransactionDetail (transaction_id, product_id, quantity, unit_price) VALUES (62, 2, 1, 72.09);
INSERT INTO TransactionDetail (transaction_id, product_id, quantity, unit_price) VALUES (10, 10, 3, 109.24);
INSERT INTO TransactionDetail (transaction_id, product_id, quantity, unit_price) VALUES (20, 3, 3, 143.39);
INSERT INTO TransactionDetail (transaction_id, product_id, quantity, unit_price) VALUES (11, 4, 1, 92.55);
INSERT INTO TransactionDetail (transaction_id, product_id, quantity, unit_price) VALUES (54, 10, 3, 122.8);
INSERT INTO TransactionDetail (transaction_id, product_id, quantity, unit_price) VALUES (29, 9, 2, 78.57);
INSERT INTO TransactionDetail (transaction_id, product_id, quantity, unit_price) VALUES (57, 5, 3, 148.7);
INSERT INTO TransactionDetail (transaction_id, product_id, quantity, unit_price) VALUES (40, 10, 3, 27.83);
INSERT INTO TransactionDetail (transaction_id, product_id, quantity, unit_price) VALUES (95, 2, 1, 101.32);
INSERT INTO TransactionDetail (transaction_id, product_id, quantity, unit_price) VALUES (34, 2, 1, 51.18);
INSERT INTO TransactionDetail (transaction_id, product_id, quantity, unit_price) VALUES (71, 2, 1, 20.35);
INSERT INTO TransactionDetail (transaction_id, product_id, quantity, unit_price) VALUES (58, 10, 2, 57.86);
INSERT INTO TransactionDetail (transaction_id, product_id, quantity, unit_price) VALUES (30, 5, 3, 56.75);
INSERT INTO TransactionDetail (transaction_id, product_id, quantity, unit_price) VALUES (59, 2, 3, 50.35);
INSERT INTO TransactionDetail (transaction_id, product_id, quantity, unit_price) VALUES (34, 10, 3, 124.51);
INSERT INTO TransactionDetail (transaction_id, product_id, quantity, unit_price) VALUES (26, 7, 1, 90.79);
INSERT INTO TransactionDetail (transaction_id, product_id, quantity, unit_price) VALUES (83, 3, 2, 127.46);
INSERT INTO TransactionDetail (transaction_id, product_id, quantity, unit_price) VALUES (10, 1, 1, 123.04);
INSERT INTO TransactionDetail (transaction_id, product_id, quantity, unit_price) VALUES (77, 10, 2, 77.09);
INSERT INTO TransactionDetail (transaction_id, product_id, quantity, unit_price) VALUES (60, 5, 3, 72.33);
INSERT INTO TransactionDetail (transaction_id, product_id, quantity, unit_price) VALUES (35, 9, 3, 84.19);
INSERT INTO TransactionDetail (transaction_id, product_id, quantity, unit_price) VALUES (11, 10, 1, 135.62);
INSERT INTO TransactionDetail (transaction_id, product_id, quantity, unit_price) VALUES (95, 6, 3, 52.55);
INSERT INTO TransactionDetail (transaction_id, product_id, quantity, unit_price) VALUES (12, 4, 3, 128.67);
INSERT INTO TransactionDetail (transaction_id, product_id, quantity, unit_price) VALUES (74, 10, 1, 149.94);
INSERT INTO TransactionDetail (transaction_id, product_id, quantity, unit_price) VALUES (87, 5, 3, 25.23);
INSERT INTO TransactionDetail (transaction_id, product_id, quantity, unit_price) VALUES (97, 3, 2, 87.47);
INSERT INTO TransactionDetail (transaction_id, product_id, quantity, unit_price) VALUES (57, 5, 1, 149.6);
INSERT INTO TransactionDetail (transaction_id, product_id, quantity, unit_price) VALUES (56, 8, 1, 81.1);
INSERT INTO TransactionDetail (transaction_id, product_id, quantity, unit_price) VALUES (53, 6, 2, 107.12);
INSERT INTO TransactionDetail (transaction_id, product_id, quantity, unit_price) VALUES (21, 6, 2, 110.18);
INSERT INTO TransactionDetail (transaction_id, product_id, quantity, unit_price) VALUES (37, 7, 3, 24.77);
INSERT INTO TransactionDetail (transaction_id, product_id, quantity, unit_price) VALUES (12, 6, 2, 62.03);
INSERT INTO TransactionDetail (transaction_id, product_id, quantity, unit_price) VALUES (99, 7, 3, 127.24);
INSERT INTO TransactionDetail (transaction_id, product_id, quantity, unit_price) VALUES (1, 9, 2, 73.72);
INSERT INTO TransactionDetail (transaction_id, product_id, quantity, unit_price) VALUES (25, 9, 2, 100.94);
INSERT INTO TransactionDetail (transaction_id, product_id, quantity, unit_price) VALUES (64, 8, 1, 46.46);
INSERT INTO TransactionDetail (transaction_id, product_id, quantity, unit_price) VALUES (71, 3, 2, 76.96);
INSERT INTO TransactionDetail (transaction_id, product_id, quantity, unit_price) VALUES (90, 8, 1, 23.75);
INSERT INTO TransactionDetail (transaction_id, product_id, quantity, unit_price) VALUES (81, 10, 1, 112.27);
INSERT INTO TransactionDetail (transaction_id, product_id, quantity, unit_price) VALUES (40, 9, 1, 91.79);
INSERT INTO TransactionDetail (transaction_id, product_id, quantity, unit_price) VALUES (12, 4, 1, 79.99);
INSERT INTO TransactionDetail (transaction_id, product_id, quantity, unit_price) VALUES (16, 3, 2, 141.24);
INSERT INTO TransactionDetail (transaction_id, product_id, quantity, unit_price) VALUES (38, 9, 3, 55.55);
INSERT INTO TransactionDetail (transaction_id, product_id, quantity, unit_price) VALUES (62, 8, 1, 79.38);
INSERT INTO TransactionDetail (transaction_id, product_id, quantity, unit_price) VALUES (19, 7, 1, 139.84);
INSERT INTO TransactionDetail (transaction_id, product_id, quantity, unit_price) VALUES (66, 3, 1, 55.91);
INSERT INTO TransactionDetail (transaction_id, product_id, quantity, unit_price) VALUES (54, 6, 3, 54.73);
INSERT INTO TransactionDetail (transaction_id, product_id, quantity, unit_price) VALUES (1, 5, 3, 58.81);
INSERT INTO TransactionDetail (transaction_id, product_id, quantity, unit_price) VALUES (76, 10, 3, 83.65);
INSERT INTO TransactionDetail (transaction_id, product_id, quantity, unit_price) VALUES (20, 8, 3, 82.96);
INSERT INTO TransactionDetail (transaction_id, product_id, quantity, unit_price) VALUES (43, 9, 3, 69.04);
INSERT INTO TransactionDetail (transaction_id, product_id, quantity, unit_price) VALUES (42, 4, 3, 51.04);
INSERT INTO TransactionDetail (transaction_id, product_id, quantity, unit_price) VALUES (50, 4, 2, 25.67);
INSERT INTO TransactionDetail (transaction_id, product_id, quantity, unit_price) VALUES (96, 8, 3, 138.75);
INSERT INTO TransactionDetail (transaction_id, product_id, quantity, unit_price) VALUES (49, 7, 3, 123.01);
INSERT INTO TransactionDetail (transaction_id, product_id, quantity, unit_price) VALUES (84, 3, 2, 145.43);
INSERT INTO TransactionDetail (transaction_id, product_id, quantity, unit_price) VALUES (17, 9, 3, 63.16);
INSERT INTO TransactionDetail (transaction_id, product_id, quantity, unit_price) VALUES (13, 8, 1, 88.37);
INSERT INTO TransactionDetail (transaction_id, product_id, quantity, unit_price) VALUES (59, 1, 3, 38.74);
INSERT INTO TransactionDetail (transaction_id, product_id, quantity, unit_price) VALUES (84, 3, 1, 81.03);
INSERT INTO TransactionDetail (transaction_id, product_id, quantity, unit_price) VALUES (34, 6, 3, 110.05);
INSERT INTO TransactionDetail (transaction_id, product_id, quantity, unit_price) VALUES (84, 2, 2, 130.8);
INSERT INTO TransactionDetail (transaction_id, product_id, quantity, unit_price) VALUES (69, 7, 2, 101.48);
INSERT INTO TransactionDetail (transaction_id, product_id, quantity, unit_price) VALUES (98, 8, 3, 24.67);
INSERT INTO TransactionDetail (transaction_id, product_id, quantity, unit_price) VALUES (9, 4, 3, 108.97);
INSERT INTO TransactionDetail (transaction_id, product_id, quantity, unit_price) VALUES (37, 4, 3, 31.75);
INSERT INTO TransactionDetail (transaction_id, product_id, quantity, unit_price) VALUES (13, 2, 2, 41.63);
INSERT INTO TransactionDetail (transaction_id, product_id, quantity, unit_price) VALUES (39, 1, 1, 62.17);
INSERT INTO TransactionDetail (transaction_id, product_id, quantity, unit_price) VALUES (8, 5, 2, 68.73);
INSERT INTO TransactionDetail (transaction_id, product_id, quantity, unit_price) VALUES (19, 4, 3, 73.57);
INSERT INTO TransactionDetail (transaction_id, product_id, quantity, unit_price) VALUES (88, 3, 1, 42.76);
INSERT INTO TransactionDetail (transaction_id, product_id, quantity, unit_price) VALUES (79, 7, 3, 108.81);
INSERT INTO TransactionDetail (transaction_id, product_id, quantity, unit_price) VALUES (64, 10, 1, 50.18);
INSERT INTO TransactionDetail (transaction_id, product_id, quantity, unit_price) VALUES (82, 5, 2, 53.19);
INSERT INTO TransactionDetail (transaction_id, product_id, quantity, unit_price) VALUES (2, 8, 2, 108.09);
INSERT INTO TransactionDetail (transaction_id, product_id, quantity, unit_price) VALUES (21, 2, 2, 142.88);
INSERT INTO TransactionDetail (transaction_id, product_id, quantity, unit_price) VALUES (76, 5, 3, 145.06);
INSERT INTO TransactionDetail (transaction_id, product_id, quantity, unit_price) VALUES (89, 5, 2, 129.89);
INSERT INTO TransactionDetail (transaction_id, product_id, quantity, unit_price) VALUES (26, 7, 2, 33.86);
INSERT INTO TransactionDetail (transaction_id, product_id, quantity, unit_price) VALUES (49, 10, 2, 94.73);
INSERT INTO TransactionDetail (transaction_id, product_id, quantity, unit_price) VALUES (90, 5, 1, 147.13);
INSERT INTO TransactionDetail (transaction_id, product_id, quantity, unit_price) VALUES (85, 7, 2, 21.05);
INSERT INTO TransactionDetail (transaction_id, product_id, quantity, unit_price) VALUES (88, 1, 3, 116.87);
INSERT INTO TransactionDetail (transaction_id, product_id, quantity, unit_price) VALUES (37, 4, 3, 124.25);
INSERT INTO TransactionDetail (transaction_id, product_id, quantity, unit_price) VALUES (29, 4, 3, 52.58);
INSERT INTO TransactionDetail (transaction_id, product_id, quantity, unit_price) VALUES (97, 3, 3, 32.63);
INSERT INTO TransactionDetail (transaction_id, product_id, quantity, unit_price) VALUES (81, 1, 2, 122.52);
INSERT INTO TransactionDetail (transaction_id, product_id, quantity, unit_price) VALUES (5, 10, 2, 115.21);
INSERT INTO TransactionDetail (transaction_id, product_id, quantity, unit_price) VALUES (12, 5, 2, 117.17);
INSERT INTO TransactionDetail (transaction_id, product_id, quantity, unit_price) VALUES (23, 4, 1, 122.25);
INSERT INTO TransactionDetail (transaction_id, product_id, quantity, unit_price) VALUES (47, 9, 3, 138.75);
INSERT INTO TransactionDetail (transaction_id, product_id, quantity, unit_price) VALUES (22, 5, 2, 145.76);
INSERT INTO TransactionDetail (transaction_id, product_id, quantity, unit_price) VALUES (38, 6, 1, 80.88);
INSERT INTO TransactionDetail (transaction_id, product_id, quantity, unit_price) VALUES (10, 3, 1, 131.82);
INSERT INTO TransactionDetail (transaction_id, product_id, quantity, unit_price) VALUES (93, 7, 3, 67.55);
INSERT INTO TransactionDetail (transaction_id, product_id, quantity, unit_price) VALUES (51, 1, 2, 89.75);
INSERT INTO TransactionDetail (transaction_id, product_id, quantity, unit_price) VALUES (59, 6, 3, 117.37);
INSERT INTO TransactionDetail (transaction_id, product_id, quantity, unit_price) VALUES (34, 10, 2, 126.91);
INSERT INTO TransactionDetail (transaction_id, product_id, quantity, unit_price) VALUES (48, 2, 3, 50.4);
INSERT INTO TransactionDetail (transaction_id, product_id, quantity, unit_price) VALUES (4, 10, 3, 62.64);
INSERT INTO TransactionDetail (transaction_id, product_id, quantity, unit_price) VALUES (79, 4, 3, 28.22);
INSERT INTO TransactionDetail (transaction_id, product_id, quantity, unit_price) VALUES (60, 5, 3, 73.08);
INSERT INTO TransactionDetail (transaction_id, product_id, quantity, unit_price) VALUES (18, 1, 1, 59.57);
INSERT INTO TransactionDetail (transaction_id, product_id, quantity, unit_price) VALUES (64, 2, 1, 50.52);
INSERT INTO TransactionDetail (transaction_id, product_id, quantity, unit_price) VALUES (69, 3, 2, 78.97);
INSERT INTO TransactionDetail (transaction_id, product_id, quantity, unit_price) VALUES (86, 9, 2, 96.35);
INSERT INTO TransactionDetail (transaction_id, product_id, quantity, unit_price) VALUES (94, 3, 2, 105.14);
INSERT INTO TransactionDetail (transaction_id, product_id, quantity, unit_price) VALUES (63, 10, 2, 142.08);
INSERT INTO TransactionDetail (transaction_id, product_id, quantity, unit_price) VALUES (36, 1, 3, 68.17);
INSERT INTO TransactionDetail (transaction_id, product_id, quantity, unit_price) VALUES (57, 8, 1, 131.21);
INSERT INTO TransactionDetail (transaction_id, product_id, quantity, unit_price) VALUES (13, 6, 3, 137.22);
INSERT INTO TransactionDetail (transaction_id, product_id, quantity, unit_price) VALUES (83, 6, 1, 71.76);
INSERT INTO TransactionDetail (transaction_id, product_id, quantity, unit_price) VALUES (25, 2, 2, 31.92);
INSERT INTO TransactionDetail (transaction_id, product_id, quantity, unit_price) VALUES (28, 10, 1, 26.58);
INSERT INTO TransactionDetail (transaction_id, product_id, quantity, unit_price) VALUES (43, 4, 1, 122.31);
INSERT INTO TransactionDetail (transaction_id, product_id, quantity, unit_price) VALUES (27, 2, 3, 46.93);
INSERT INTO TransactionDetail (transaction_id, product_id, quantity, unit_price) VALUES (28, 4, 2, 120.67);
INSERT INTO TransactionDetail (transaction_id, product_id, quantity, unit_price) VALUES (77, 1, 2, 131.59);
INSERT INTO TransactionDetail (transaction_id, product_id, quantity, unit_price) VALUES (19, 3, 3, 52.59);
INSERT INTO TransactionDetail (transaction_id, product_id, quantity, unit_price) VALUES (23, 2, 3, 132.64);
INSERT INTO TransactionDetail (transaction_id, product_id, quantity, unit_price) VALUES (17, 1, 2, 122.7);
INSERT INTO TransactionDetail (transaction_id, product_id, quantity, unit_price) VALUES (31, 10, 2, 22.05);
INSERT INTO TransactionDetail (transaction_id, product_id, quantity, unit_price) VALUES (34, 1, 1, 116.42);
INSERT INTO TransactionDetail (transaction_id, product_id, quantity, unit_price) VALUES (68, 2, 3, 28.26);
INSERT INTO TransactionDetail (transaction_id, product_id, quantity, unit_price) VALUES (58, 6, 3, 97.18);
INSERT INTO TransactionDetail (transaction_id, product_id, quantity, unit_price) VALUES (58, 9, 1, 142.9);
INSERT INTO TransactionDetail (transaction_id, product_id, quantity, unit_price) VALUES (6, 9, 2, 79.55);
INSERT INTO TransactionDetail (transaction_id, product_id, quantity, unit_price) VALUES (4, 1, 2, 130.15);
INSERT INTO TransactionDetail (transaction_id, product_id, quantity, unit_price) VALUES (55, 2, 2, 112.61);
INSERT INTO TransactionDetail (transaction_id, product_id, quantity, unit_price) VALUES (57, 2, 1, 61.87);
INSERT INTO TransactionDetail (transaction_id, product_id, quantity, unit_price) VALUES (19, 2, 1, 55.75);
INSERT INTO TransactionDetail (transaction_id, product_id, quantity, unit_price) VALUES (82, 10, 3, 112.58);
INSERT INTO TransactionDetail (transaction_id, product_id, quantity, unit_price) VALUES (49, 10, 3, 58.34);
INSERT INTO TransactionDetail (transaction_id, product_id, quantity, unit_price) VALUES (65, 10, 2, 32.89);
INSERT INTO TransactionDetail (transaction_id, product_id, quantity, unit_price) VALUES (90, 2, 3, 104.62);
INSERT INTO TransactionDetail (transaction_id, product_id, quantity, unit_price) VALUES (99, 9, 3, 132.51);
INSERT INTO TransactionDetail (transaction_id, product_id, quantity, unit_price) VALUES (56, 8, 1, 73.8);
INSERT INTO TransactionDetail (transaction_id, product_id, quantity, unit_price) VALUES (59, 7, 2, 114.85);
INSERT INTO TransactionDetail (transaction_id, product_id, quantity, unit_price) VALUES (41, 7, 2, 106.46);
INSERT INTO TransactionDetail (transaction_id, product_id, quantity, unit_price) VALUES (48, 3, 3, 139.99);
INSERT INTO TransactionDetail (transaction_id, product_id, quantity, unit_price) VALUES (9, 2, 1, 32.12);
INSERT INTO TransactionDetail (transaction_id, product_id, quantity, unit_price) VALUES (13, 6, 1, 92.33);
INSERT INTO TransactionDetail (transaction_id, product_id, quantity, unit_price) VALUES (76, 9, 3, 62.85);
INSERT INTO TransactionDetail (transaction_id, product_id, quantity, unit_price) VALUES (16, 7, 2, 133.57);
INSERT INTO TransactionDetail (transaction_id, product_id, quantity, unit_price) VALUES (97, 7, 3, 26.69);
INSERT INTO TransactionDetail (transaction_id, product_id, quantity, unit_price) VALUES (37, 10, 2, 65.71);
INSERT INTO TransactionDetail (transaction_id, product_id, quantity, unit_price) VALUES (74, 9, 1, 40.11);
INSERT INTO TransactionDetail (transaction_id, product_id, quantity, unit_price) VALUES (62, 4, 1, 65.51);
INSERT INTO TransactionDetail (transaction_id, product_id, quantity, unit_price) VALUES (72, 6, 1, 119.14);
INSERT INTO TransactionDetail (transaction_id, product_id, quantity, unit_price) VALUES (74, 4, 2, 129.87);
INSERT INTO TransactionDetail (transaction_id, product_id, quantity, unit_price) VALUES (99, 10, 3, 107.75);
INSERT INTO TransactionDetail (transaction_id, product_id, quantity, unit_price) VALUES (72, 1, 3, 140.78);
INSERT INTO TransactionDetail (transaction_id, product_id, quantity, unit_price) VALUES (89, 5, 1, 43.45);
INSERT INTO TransactionDetail (transaction_id, product_id, quantity, unit_price) VALUES (90, 5, 2, 65.63);
INSERT INTO TransactionDetail (transaction_id, product_id, quantity, unit_price) VALUES (24, 3, 3, 105.45);
INSERT INTO TransactionDetail (transaction_id, product_id, quantity, unit_price) VALUES (9, 3, 3, 102.31);
INSERT INTO TransactionDetail (transaction_id, product_id, quantity, unit_price) VALUES (4, 2, 3, 88.96);
INSERT INTO TransactionDetail (transaction_id, product_id, quantity, unit_price) VALUES (49, 7, 2, 64.32);
INSERT INTO TransactionDetail (transaction_id, product_id, quantity, unit_price) VALUES (48, 5, 3, 62.17);
INSERT INTO TransactionDetail (transaction_id, product_id, quantity, unit_price) VALUES (73, 10, 1, 134.83);
INSERT INTO TransactionDetail (transaction_id, product_id, quantity, unit_price) VALUES (20, 3, 3, 26.47);
INSERT INTO TransactionDetail (transaction_id, product_id, quantity, unit_price) VALUES (11, 5, 2, 106.05);
INSERT INTO TransactionDetail (transaction_id, product_id, quantity, unit_price) VALUES (63, 10, 2, 73.84);
INSERT INTO TransactionDetail (transaction_id, product_id, quantity, unit_price) VALUES (28, 9, 1, 64.87);
INSERT INTO TransactionDetail (transaction_id, product_id, quantity, unit_price) VALUES (15, 5, 3, 108.2);
INSERT INTO TransactionDetail (transaction_id, product_id, quantity, unit_price) VALUES (63, 9, 3, 60.09);
INSERT INTO TransactionDetail (transaction_id, product_id, quantity, unit_price) VALUES (29, 7, 3, 27.12);
INSERT INTO TransactionDetail (transaction_id, product_id, quantity, unit_price) VALUES (27, 5, 1, 119.76);
INSERT INTO TransactionDetail (transaction_id, product_id, quantity, unit_price) VALUES (98, 5, 2, 62.66);
INSERT INTO TransactionDetail (transaction_id, product_id, quantity, unit_price) VALUES (1, 8, 3, 75.99);
INSERT INTO TransactionDetail (transaction_id, product_id, quantity, unit_price) VALUES (17, 7, 3, 111.48);
INSERT INTO TransactionDetail (transaction_id, product_id, quantity, unit_price) VALUES (65, 9, 3, 124.81);
INSERT INTO TransactionDetail (transaction_id, product_id, quantity, unit_price) VALUES (10, 7, 3, 25.5);
INSERT INTO TransactionDetail (transaction_id, product_id, quantity, unit_price) VALUES (3, 8, 1, 132.07);
INSERT INTO TransactionDetail (transaction_id, product_id, quantity, unit_price) VALUES (74, 7, 3, 72.57);
INSERT INTO TransactionDetail (transaction_id, product_id, quantity, unit_price) VALUES (82, 7, 2, 34.97);
INSERT INTO TransactionDetail (transaction_id, product_id, quantity, unit_price) VALUES (3, 6, 1, 124.17);
INSERT INTO TransactionDetail (transaction_id, product_id, quantity, unit_price) VALUES (80, 8, 3, 139.57);
INSERT INTO TransactionDetail (transaction_id, product_id, quantity, unit_price) VALUES (12, 7, 1, 51.63);
INSERT INTO TransactionDetail (transaction_id, product_id, quantity, unit_price) VALUES (76, 7, 3, 30.22);
INSERT INTO TransactionDetail (transaction_id, product_id, quantity, unit_price) VALUES (40, 6, 1, 63.3);
INSERT INTO TransactionDetail (transaction_id, product_id, quantity, unit_price) VALUES (22, 2, 3, 102.32);
INSERT INTO TransactionDetail (transaction_id, product_id, quantity, unit_price) VALUES (68, 9, 1, 137.77);
INSERT INTO TransactionDetail (transaction_id, product_id, quantity, unit_price) VALUES (45, 6, 3, 144.57);
INSERT INTO TransactionDetail (transaction_id, product_id, quantity, unit_price) VALUES (83, 3, 1, 33.36);
INSERT INTO TransactionDetail (transaction_id, product_id, quantity, unit_price) VALUES (33, 4, 1, 98.31);
INSERT INTO TransactionDetail (transaction_id, product_id, quantity, unit_price) VALUES (98, 2, 1, 143.67);
INSERT INTO TransactionDetail (transaction_id, product_id, quantity, unit_price) VALUES (81, 8, 2, 118.08);
INSERT INTO TransactionDetail (transaction_id, product_id, quantity, unit_price) VALUES (98, 10, 2, 108.55);
INSERT INTO TransactionDetail (transaction_id, product_id, quantity, unit_price) VALUES (73, 10, 2, 132.35);
INSERT INTO TransactionDetail (transaction_id, product_id, quantity, unit_price) VALUES (81, 6, 1, 77.17);
INSERT INTO TransactionDetail (transaction_id, product_id, quantity, unit_price) VALUES (61, 8, 3, 59.37);
INSERT INTO TransactionDetail (transaction_id, product_id, quantity, unit_price) VALUES (36, 10, 1, 65.75);
INSERT INTO TransactionDetail (transaction_id, product_id, quantity, unit_price) VALUES (10, 5, 2, 78.75);
INSERT INTO TransactionDetail (transaction_id, product_id, quantity, unit_price) VALUES (8, 6, 2, 29.98);
INSERT INTO TransactionDetail (transaction_id, product_id, quantity, unit_price) VALUES (12, 10, 3, 85.92);
INSERT INTO TransactionDetail (transaction_id, product_id, quantity, unit_price) VALUES (60, 10, 3, 144.05);
INSERT INTO TransactionDetail (transaction_id, product_id, quantity, unit_price) VALUES (95, 1, 2, 138.18);
INSERT INTO TransactionDetail (transaction_id, product_id, quantity, unit_price) VALUES (74, 4, 2, 98.65);
INSERT INTO TransactionDetail (transaction_id, product_id, quantity, unit_price) VALUES (65, 3, 1, 78.57);
INSERT INTO TransactionDetail (transaction_id, product_id, quantity, unit_price) VALUES (44, 2, 3, 104.0);
INSERT INTO TransactionDetail (transaction_id, product_id, quantity, unit_price) VALUES (6, 4, 3, 76.91);
INSERT INTO TransactionDetail (transaction_id, product_id, quantity, unit_price) VALUES (57, 9, 3, 99.27);
INSERT INTO TransactionDetail (transaction_id, product_id, quantity, unit_price) VALUES (47, 6, 2, 70.36);
INSERT INTO TransactionDetail (transaction_id, product_id, quantity, unit_price) VALUES (100, 6, 3, 97.73);
INSERT INTO TransactionDetail (transaction_id, product_id, quantity, unit_price) VALUES (81, 6, 1, 62.86);
INSERT INTO TransactionDetail (transaction_id, product_id, quantity, unit_price) VALUES (72, 7, 2, 52.76);
INSERT INTO TransactionDetail (transaction_id, product_id, quantity, unit_price) VALUES (85, 10, 1, 63.34);
INSERT INTO TransactionDetail (transaction_id, product_id, quantity, unit_price) VALUES (75, 3, 2, 60.33);
INSERT INTO TransactionDetail (transaction_id, product_id, quantity, unit_price) VALUES (84, 7, 1, 97.36);
INSERT INTO TransactionDetail (transaction_id, product_id, quantity, unit_price) VALUES (11, 5, 3, 68.97);
INSERT INTO TransactionDetail (transaction_id, product_id, quantity, unit_price) VALUES (43, 3, 3, 111.37);
INSERT INTO TransactionDetail (transaction_id, product_id, quantity, unit_price) VALUES (95, 9, 1, 103.98);
INSERT INTO TransactionDetail (transaction_id, product_id, quantity, unit_price) VALUES (55, 9, 2, 22.37);
INSERT INTO TransactionDetail (transaction_id, product_id, quantity, unit_price) VALUES (40, 3, 1, 64.43);
INSERT INTO TransactionDetail (transaction_id, product_id, quantity, unit_price) VALUES (99, 8, 1, 49.45);
INSERT INTO TransactionDetail (transaction_id, product_id, quantity, unit_price) VALUES (18, 3, 1, 58.45);
INSERT INTO TransactionDetail (transaction_id, product_id, quantity, unit_price) VALUES (13, 9, 3, 128.57);
INSERT INTO TransactionDetail (transaction_id, product_id, quantity, unit_price) VALUES (68, 1, 3, 63.78);
INSERT INTO TransactionDetail (transaction_id, product_id, quantity, unit_price) VALUES (99, 10, 1, 97.64);
INSERT INTO TransactionDetail (transaction_id, product_id, quantity, unit_price) VALUES (20, 3, 1, 128.07);
INSERT INTO TransactionDetail (transaction_id, product_id, quantity, unit_price) VALUES (99, 10, 1, 113.75);
INSERT INTO TransactionDetail (transaction_id, product_id, quantity, unit_price) VALUES (6, 7, 2, 107.93);
INSERT INTO TransactionDetail (transaction_id, product_id, quantity, unit_price) VALUES (31, 8, 3, 57.04);
INSERT INTO TransactionDetail (transaction_id, product_id, quantity, unit_price) VALUES (96, 8, 1, 89.42);
INSERT INTO TransactionDetail (transaction_id, product_id, quantity, unit_price) VALUES (40, 8, 1, 67.82);
INSERT INTO TransactionDetail (transaction_id, product_id, quantity, unit_price) VALUES (74, 8, 2, 120.03);
INSERT INTO TransactionDetail (transaction_id, product_id, quantity, unit_price) VALUES (100, 7, 3, 88.57);
INSERT INTO TransactionDetail (transaction_id, product_id, quantity, unit_price) VALUES (21, 4, 3, 37.99);
INSERT INTO TransactionDetail (transaction_id, product_id, quantity, unit_price) VALUES (33, 1, 3, 82.48);
INSERT INTO TransactionDetail (transaction_id, product_id, quantity, unit_price) VALUES (48, 9, 1, 112.48);
INSERT INTO TransactionDetail (transaction_id, product_id, quantity, unit_price) VALUES (67, 2, 2, 30.9);
INSERT INTO TransactionDetail (transaction_id, product_id, quantity, unit_price) VALUES (21, 5, 2, 137.69);
INSERT INTO TransactionDetail (transaction_id, product_id, quantity, unit_price) VALUES (19, 7, 1, 143.03);
INSERT INTO TransactionDetail (transaction_id, product_id, quantity, unit_price) VALUES (29, 8, 2, 140.96);
INSERT INTO TransactionDetail (transaction_id, product_id, quantity, unit_price) VALUES (54, 1, 2, 85.26);
INSERT INTO TransactionDetail (transaction_id, product_id, quantity, unit_price) VALUES (31, 7, 1, 68.74);
INSERT INTO TransactionDetail (transaction_id, product_id, quantity, unit_price) VALUES (4, 6, 1, 129.09);
INSERT INTO TransactionDetail (transaction_id, product_id, quantity, unit_price) VALUES (84, 6, 1, 37.89);
INSERT INTO TransactionDetail (transaction_id, product_id, quantity, unit_price) VALUES (37, 8, 3, 128.04);
INSERT INTO TransactionDetail (transaction_id, product_id, quantity, unit_price) VALUES (98, 8, 2, 100.0);
INSERT INTO TransactionDetail (transaction_id, product_id, quantity, unit_price) VALUES (11, 1, 2, 48.04);
INSERT INTO TransactionDetail (transaction_id, product_id, quantity, unit_price) VALUES (20, 9, 3, 99.15);
INSERT INTO TransactionDetail (transaction_id, product_id, quantity, unit_price) VALUES (55, 2, 2, 50.89);
INSERT INTO TransactionDetail (transaction_id, product_id, quantity, unit_price) VALUES (16, 1, 1, 74.58);
INSERT INTO TransactionDetail (transaction_id, product_id, quantity, unit_price) VALUES (80, 8, 1, 34.41);
INSERT INTO TransactionDetail (transaction_id, product_id, quantity, unit_price) VALUES (64, 10, 3, 22.14);
INSERT INTO TransactionDetail (transaction_id, product_id, quantity, unit_price) VALUES (66, 10, 1, 113.41);
INSERT INTO TransactionDetail (transaction_id, product_id, quantity, unit_price) VALUES (38, 7, 1, 99.93);
INSERT INTO TransactionDetail (transaction_id, product_id, quantity, unit_price) VALUES (31, 10, 2, 44.35);
INSERT INTO TransactionDetail (transaction_id, product_id, quantity, unit_price) VALUES (86, 2, 3, 146.71);
INSERT INTO TransactionDetail (transaction_id, product_id, quantity, unit_price) VALUES (9, 9, 3, 85.95);
INSERT INTO TransactionDetail (transaction_id, product_id, quantity, unit_price) VALUES (65, 9, 1, 70.76);
INSERT INTO TransactionDetail (transaction_id, product_id, quantity, unit_price) VALUES (61, 1, 3, 70.29);
INSERT INTO TransactionDetail (transaction_id, product_id, quantity, unit_price) VALUES (48, 5, 3, 22.11);
INSERT INTO TransactionDetail (transaction_id, product_id, quantity, unit_price) VALUES (9, 6, 1, 115.28);
INSERT INTO TransactionDetail (transaction_id, product_id, quantity, unit_price) VALUES (81, 2, 3, 115.57);
INSERT INTO TransactionDetail (transaction_id, product_id, quantity, unit_price) VALUES (43, 3, 1, 65.8);
INSERT INTO TransactionDetail (transaction_id, product_id, quantity, unit_price) VALUES (44, 3, 3, 80.4);
INSERT INTO TransactionDetail (transaction_id, product_id, quantity, unit_price) VALUES (90, 8, 3, 43.7);
INSERT INTO TransactionDetail (transaction_id, product_id, quantity, unit_price) VALUES (18, 2, 3, 120.9);
INSERT INTO TransactionDetail (transaction_id, product_id, quantity, unit_price) VALUES (59, 1, 2, 46.21);
INSERT INTO TransactionDetail (transaction_id, product_id, quantity, unit_price) VALUES (26, 1, 2, 141.34);
INSERT INTO TransactionDetail (transaction_id, product_id, quantity, unit_price) VALUES (66, 7, 3, 81.54);
INSERT INTO TransactionDetail (transaction_id, product_id, quantity, unit_price) VALUES (5, 4, 2, 66.41);
INSERT INTO TransactionDetail (transaction_id, product_id, quantity, unit_price) VALUES (100, 1, 3, 63.15);
INSERT INTO TransactionDetail (transaction_id, product_id, quantity, unit_price) VALUES (16, 6, 2, 135.63);
INSERT INTO TransactionDetail (transaction_id, product_id, quantity, unit_price) VALUES (96, 8, 2, 64.07);
INSERT INTO TransactionDetail (transaction_id, product_id, quantity, unit_price) VALUES (24, 8, 3, 84.68);
INSERT INTO TransactionDetail (transaction_id, product_id, quantity, unit_price) VALUES (67, 5, 1, 114.52);
INSERT INTO TransactionDetail (transaction_id, product_id, quantity, unit_price) VALUES (11, 7, 3, 149.36);
INSERT INTO TransactionDetail (transaction_id, product_id, quantity, unit_price) VALUES (24, 9, 2, 61.76);
INSERT INTO TransactionDetail (transaction_id, product_id, quantity, unit_price) VALUES (11, 6, 3, 58.43);
INSERT INTO TransactionDetail (transaction_id, product_id, quantity, unit_price) VALUES (58, 10, 3, 75.4);
INSERT INTO TransactionDetail (transaction_id, product_id, quantity, unit_price) VALUES (89, 8, 2, 78.13);
INSERT INTO TransactionDetail (transaction_id, product_id, quantity, unit_price) VALUES (94, 6, 3, 149.76);
INSERT INTO TransactionDetail (transaction_id, product_id, quantity, unit_price) VALUES (36, 1, 1, 107.25);
INSERT INTO TransactionDetail (transaction_id, product_id, quantity, unit_price) VALUES (52, 6, 3, 124.14);
INSERT INTO TransactionDetail (transaction_id, product_id, quantity, unit_price) VALUES (87, 3, 1, 38.56);
INSERT INTO TransactionDetail (transaction_id, product_id, quantity, unit_price) VALUES (78, 8, 1, 36.41);
INSERT INTO TransactionDetail (transaction_id, product_id, quantity, unit_price) VALUES (31, 6, 2, 69.77);
INSERT INTO TransactionDetail (transaction_id, product_id, quantity, unit_price) VALUES (73, 1, 3, 39.95);
INSERT INTO TransactionDetail (transaction_id, product_id, quantity, unit_price) VALUES (58, 6, 2, 77.71);
INSERT INTO TransactionDetail (transaction_id, product_id, quantity, unit_price) VALUES (10, 10, 1, 88.83);
INSERT INTO TransactionDetail (transaction_id, product_id, quantity, unit_price) VALUES (51, 6, 3, 56.23);
INSERT INTO TransactionDetail (transaction_id, product_id, quantity, unit_price) VALUES (15, 1, 3, 44.19);
INSERT INTO TransactionDetail (transaction_id, product_id, quantity, unit_price) VALUES (67, 7, 3, 35.31);
INSERT INTO TransactionDetail (transaction_id, product_id, quantity, unit_price) VALUES (100, 5, 3, 78.02);
INSERT INTO TransactionDetail (transaction_id, product_id, quantity, unit_price) VALUES (79, 5, 3, 139.14);
INSERT INTO TransactionDetail (transaction_id, product_id, quantity, unit_price) VALUES (63, 4, 1, 37.64);
INSERT INTO TransactionDetail (transaction_id, product_id, quantity, unit_price) VALUES (10, 8, 1, 136.83);
INSERT INTO TransactionDetail (transaction_id, product_id, quantity, unit_price) VALUES (57, 2, 3, 145.78);
INSERT INTO TransactionDetail (transaction_id, product_id, quantity, unit_price) VALUES (41, 6, 3, 28.44);
INSERT INTO TransactionDetail (transaction_id, product_id, quantity, unit_price) VALUES (70, 5, 2, 130.68);
INSERT INTO TransactionDetail (transaction_id, product_id, quantity, unit_price) VALUES (92, 3, 2, 86.14);
INSERT INTO TransactionDetail (transaction_id, product_id, quantity, unit_price) VALUES (16, 4, 1, 50.78);
INSERT INTO TransactionDetail (transaction_id, product_id, quantity, unit_price) VALUES (64, 1, 2, 92.02);
INSERT INTO TransactionDetail (transaction_id, product_id, quantity, unit_price) VALUES (48, 8, 3, 36.87);
INSERT INTO TransactionDetail (transaction_id, product_id, quantity, unit_price) VALUES (12, 2, 2, 71.76);
INSERT INTO TransactionDetail (transaction_id, product_id, quantity, unit_price) VALUES (92, 8, 3, 73.4);
INSERT INTO TransactionDetail (transaction_id, product_id, quantity, unit_price) VALUES (53, 10, 1, 36.29);
INSERT INTO TransactionDetail (transaction_id, product_id, quantity, unit_price) VALUES (41, 2, 2, 80.56);
INSERT INTO TransactionDetail (transaction_id, product_id, quantity, unit_price) VALUES (67, 6, 1, 134.13);
INSERT INTO TransactionDetail (transaction_id, product_id, quantity, unit_price) VALUES (100, 9, 3, 96.41);
INSERT INTO TransactionDetail (transaction_id, product_id, quantity, unit_price) VALUES (99, 3, 2, 85.37);
INSERT INTO TransactionDetail (transaction_id, product_id, quantity, unit_price) VALUES (8, 2, 3, 39.89);
INSERT INTO TransactionDetail (transaction_id, product_id, quantity, unit_price) VALUES (22, 3, 2, 141.52);
INSERT INTO TransactionDetail (transaction_id, product_id, quantity, unit_price) VALUES (29, 6, 3, 136.34);
INSERT INTO TransactionDetail (transaction_id, product_id, quantity, unit_price) VALUES (11, 5, 1, 102.56);
INSERT INTO TransactionDetail (transaction_id, product_id, quantity, unit_price) VALUES (71, 5, 1, 101.25);
INSERT INTO TransactionDetail (transaction_id, product_id, quantity, unit_price) VALUES (79, 9, 1, 85.33);
INSERT INTO TransactionDetail (transaction_id, product_id, quantity, unit_price) VALUES (22, 10, 3, 40.05);
INSERT INTO TransactionDetail (transaction_id, product_id, quantity, unit_price) VALUES (85, 10, 3, 137.26);
INSERT INTO TransactionDetail (transaction_id, product_id, quantity, unit_price) VALUES (44, 10, 1, 127.28);
INSERT INTO TransactionDetail (transaction_id, product_id, quantity, unit_price) VALUES (4, 2, 1, 143.31);
INSERT INTO TransactionDetail (transaction_id, product_id, quantity, unit_price) VALUES (99, 10, 2, 104.65);
INSERT INTO TransactionDetail (transaction_id, product_id, quantity, unit_price) VALUES (99, 10, 2, 100.35);
INSERT INTO TransactionDetail (transaction_id, product_id, quantity, unit_price) VALUES (4, 8, 3, 90.93);
INSERT INTO TransactionDetail (transaction_id, product_id, quantity, unit_price) VALUES (83, 5, 2, 51.83);
INSERT INTO TransactionDetail (transaction_id, product_id, quantity, unit_price) VALUES (88, 7, 2, 78.96);
INSERT INTO TransactionDetail (transaction_id, product_id, quantity, unit_price) VALUES (89, 1, 1, 77.15);
INSERT INTO TransactionDetail (transaction_id, product_id, quantity, unit_price) VALUES (62, 8, 1, 64.23);
INSERT INTO TransactionDetail (transaction_id, product_id, quantity, unit_price) VALUES (19, 6, 3, 61.51);
INSERT INTO TransactionDetail (transaction_id, product_id, quantity, unit_price) VALUES (45, 7, 1, 118.89);
INSERT INTO TransactionDetail (transaction_id, product_id, quantity, unit_price) VALUES (66, 9, 1, 61.49);
INSERT INTO TransactionDetail (transaction_id, product_id, quantity, unit_price) VALUES (60, 2, 2, 78.45);
INSERT INTO TransactionDetail (transaction_id, product_id, quantity, unit_price) VALUES (19, 2, 1, 57.73);
INSERT INTO TransactionDetail (transaction_id, product_id, quantity, unit_price) VALUES (50, 10, 2, 52.28);
INSERT INTO TransactionDetail (transaction_id, product_id, quantity, unit_price) VALUES (21, 6, 3, 113.75);
INSERT INTO TransactionDetail (transaction_id, product_id, quantity, unit_price) VALUES (25, 3, 2, 149.48);
INSERT INTO TransactionDetail (transaction_id, product_id, quantity, unit_price) VALUES (60, 8, 2, 84.66);
INSERT INTO TransactionDetail (transaction_id, product_id, quantity, unit_price) VALUES (12, 7, 3, 79.44);
INSERT INTO TransactionDetail (transaction_id, product_id, quantity, unit_price) VALUES (31, 4, 3, 65.88);
INSERT INTO TransactionDetail (transaction_id, product_id, quantity, unit_price) VALUES (7, 5, 2, 97.68);
INSERT INTO TransactionDetail (transaction_id, product_id, quantity, unit_price) VALUES (84, 8, 2, 89.77);
INSERT INTO TransactionDetail (transaction_id, product_id, quantity, unit_price) VALUES (14, 7, 1, 134.72);
INSERT INTO TransactionDetail (transaction_id, product_id, quantity, unit_price) VALUES (94, 6, 2, 67.57);
INSERT INTO TransactionDetail (transaction_id, product_id, quantity, unit_price) VALUES (52, 1, 3, 93.04);
INSERT INTO TransactionDetail (transaction_id, product_id, quantity, unit_price) VALUES (47, 9, 2, 29.56);
INSERT INTO TransactionDetail (transaction_id, product_id, quantity, unit_price) VALUES (65, 8, 3, 56.36);
INSERT INTO TransactionDetail (transaction_id, product_id, quantity, unit_price) VALUES (80, 10, 1, 36.73);
INSERT INTO TransactionDetail (transaction_id, product_id, quantity, unit_price) VALUES (13, 7, 2, 123.34);
INSERT INTO TransactionDetail (transaction_id, product_id, quantity, unit_price) VALUES (44, 9, 2, 118.15);
INSERT INTO TransactionDetail (transaction_id, product_id, quantity, unit_price) VALUES (26, 10, 3, 72.18);
INSERT INTO TransactionDetail (transaction_id, product_id, quantity, unit_price) VALUES (6, 1, 1, 37.81);
INSERT INTO TransactionDetail (transaction_id, product_id, quantity, unit_price) VALUES (43, 8, 3, 79.41);
INSERT INTO TransactionDetail (transaction_id, product_id, quantity, unit_price) VALUES (78, 9, 1, 62.64);
INSERT INTO TransactionDetail (transaction_id, product_id, quantity, unit_price) VALUES (79, 6, 1, 71.08);
INSERT INTO TransactionDetail (transaction_id, product_id, quantity, unit_price) VALUES (79, 5, 3, 63.73);
INSERT INTO TransactionDetail (transaction_id, product_id, quantity, unit_price) VALUES (66, 9, 2, 112.14);
INSERT INTO TransactionDetail (transaction_id, product_id, quantity, unit_price) VALUES (39, 8, 1, 67.89);
INSERT INTO TransactionDetail (transaction_id, product_id, quantity, unit_price) VALUES (87, 2, 2, 95.88);
INSERT INTO TransactionDetail (transaction_id, product_id, quantity, unit_price) VALUES (93, 1, 3, 81.7);
INSERT INTO TransactionDetail (transaction_id, product_id, quantity, unit_price) VALUES (84, 10, 3, 49.58);
INSERT INTO TransactionDetail (transaction_id, product_id, quantity, unit_price) VALUES (7, 10, 2, 42.17);
INSERT INTO TransactionDetail (transaction_id, product_id, quantity, unit_price) VALUES (81, 10, 2, 39.21);
INSERT INTO TransactionDetail (transaction_id, product_id, quantity, unit_price) VALUES (88, 4, 1, 94.43);
INSERT INTO TransactionDetail (transaction_id, product_id, quantity, unit_price) VALUES (90, 2, 1, 22.46);
INSERT INTO TransactionDetail (transaction_id, product_id, quantity, unit_price) VALUES (41, 7, 1, 73.68);
INSERT INTO TransactionDetail (transaction_id, product_id, quantity, unit_price) VALUES (27, 7, 3, 120.75);
INSERT INTO TransactionDetail (transaction_id, product_id, quantity, unit_price) VALUES (61, 1, 3, 37.95);
INSERT INTO TransactionDetail (transaction_id, product_id, quantity, unit_price) VALUES (27, 9, 2, 149.76);
INSERT INTO TransactionDetail (transaction_id, product_id, quantity, unit_price) VALUES (62, 9, 2, 60.79);
INSERT INTO TransactionDetail (transaction_id, product_id, quantity, unit_price) VALUES (23, 8, 3, 64.5);
INSERT INTO TransactionDetail (transaction_id, product_id, quantity, unit_price) VALUES (46, 5, 3, 82.94);
INSERT INTO TransactionDetail (transaction_id, product_id, quantity, unit_price) VALUES (32, 5, 3, 58.8);
INSERT INTO TransactionDetail (transaction_id, product_id, quantity, unit_price) VALUES (39, 5, 3, 46.95);
INSERT INTO TransactionDetail (transaction_id, product_id, quantity, unit_price) VALUES (91, 8, 2, 82.37);
INSERT INTO TransactionDetail (transaction_id, product_id, quantity, unit_price) VALUES (72, 5, 2, 35.84);
INSERT INTO TransactionDetail (transaction_id, product_id, quantity, unit_price) VALUES (87, 9, 2, 136.45);
INSERT INTO TransactionDetail (transaction_id, product_id, quantity, unit_price) VALUES (51, 6, 1, 57.76);
INSERT INTO TransactionDetail (transaction_id, product_id, quantity, unit_price) VALUES (37, 2, 2, 140.12);
INSERT INTO TransactionDetail (transaction_id, product_id, quantity, unit_price) VALUES (84, 5, 3, 82.28);
INSERT INTO TransactionDetail (transaction_id, product_id, quantity, unit_price) VALUES (26, 9, 2, 141.29);
INSERT INTO TransactionDetail (transaction_id, product_id, quantity, unit_price) VALUES (90, 5, 1, 34.2);
INSERT INTO TransactionDetail (transaction_id, product_id, quantity, unit_price) VALUES (95, 10, 1, 51.52);
INSERT INTO TransactionDetail (transaction_id, product_id, quantity, unit_price) VALUES (86, 9, 1, 102.93);
INSERT INTO TransactionDetail (transaction_id, product_id, quantity, unit_price) VALUES (7, 2, 2, 62.94);
INSERT INTO TransactionDetail (transaction_id, product_id, quantity, unit_price) VALUES (61, 2, 3, 120.2);
INSERT INTO TransactionDetail (transaction_id, product_id, quantity, unit_price) VALUES (1, 9, 1, 72.9);
INSERT INTO TransactionDetail (transaction_id, product_id, quantity, unit_price) VALUES (61, 8, 3, 45.93);
INSERT INTO TransactionDetail (transaction_id, product_id, quantity, unit_price) VALUES (37, 6, 2, 103.97);
INSERT INTO TransactionDetail (transaction_id, product_id, quantity, unit_price) VALUES (99, 2, 3, 94.64);
INSERT INTO TransactionDetail (transaction_id, product_id, quantity, unit_price) VALUES (69, 1, 1, 74.33);
INSERT INTO TransactionDetail (transaction_id, product_id, quantity, unit_price) VALUES (23, 1, 2, 122.43);
INSERT INTO TransactionDetail (transaction_id, product_id, quantity, unit_price) VALUES (24, 5, 1, 21.2);
INSERT INTO TransactionDetail (transaction_id, product_id, quantity, unit_price) VALUES (73, 10, 1, 140.7);
INSERT INTO TransactionDetail (transaction_id, product_id, quantity, unit_price) VALUES (43, 5, 2, 148.58);
INSERT INTO TransactionDetail (transaction_id, product_id, quantity, unit_price) VALUES (70, 9, 2, 135.6);
INSERT INTO TransactionDetail (transaction_id, product_id, quantity, unit_price) VALUES (18, 9, 2, 55.47);
INSERT INTO TransactionDetail (transaction_id, product_id, quantity, unit_price) VALUES (15, 6, 1, 115.05);
INSERT INTO TransactionDetail (transaction_id, product_id, quantity, unit_price) VALUES (83, 5, 3, 44.21);
INSERT INTO TransactionDetail (transaction_id, product_id, quantity, unit_price) VALUES (95, 6, 2, 93.81);
INSERT INTO TransactionDetail (transaction_id, product_id, quantity, unit_price) VALUES (97, 4, 1, 99.42);
INSERT INTO TransactionDetail (transaction_id, product_id, quantity, unit_price) VALUES (82, 7, 2, 86.99);
INSERT INTO TransactionDetail (transaction_id, product_id, quantity, unit_price) VALUES (12, 7, 3, 32.4);
INSERT INTO TransactionDetail (transaction_id, product_id, quantity, unit_price) VALUES (18, 8, 2, 141.66);
INSERT INTO TransactionDetail (transaction_id, product_id, quantity, unit_price) VALUES (1, 5, 2, 50.62);
INSERT INTO TransactionDetail (transaction_id, product_id, quantity, unit_price) VALUES (97, 5, 2, 59.25);
INSERT INTO TransactionDetail (transaction_id, product_id, quantity, unit_price) VALUES (93, 10, 1, 54.0);
INSERT INTO TransactionDetail (transaction_id, product_id, quantity, unit_price) VALUES (47, 4, 1, 106.81);
INSERT INTO TransactionDetail (transaction_id, product_id, quantity, unit_price) VALUES (60, 5, 1, 72.7);
INSERT INTO TransactionDetail (transaction_id, product_id, quantity, unit_price) VALUES (65, 5, 3, 35.26);
INSERT INTO TransactionDetail (transaction_id, product_id, quantity, unit_price) VALUES (38, 6, 3, 48.71);
INSERT INTO TransactionDetail (transaction_id, product_id, quantity, unit_price) VALUES (18, 8, 1, 79.15);
INSERT INTO TransactionDetail (transaction_id, product_id, quantity, unit_price) VALUES (78, 6, 2, 111.25);
INSERT INTO TransactionDetail (transaction_id, product_id, quantity, unit_price) VALUES (61, 9, 3, 127.33);
INSERT INTO TransactionDetail (transaction_id, product_id, quantity, unit_price) VALUES (98, 4, 3, 118.12);
INSERT INTO TransactionDetail (transaction_id, product_id, quantity, unit_price) VALUES (11, 9, 2, 88.66);
INSERT INTO TransactionDetail (transaction_id, product_id, quantity, unit_price) VALUES (47, 2, 3, 34.59);
INSERT INTO TransactionDetail (transaction_id, product_id, quantity, unit_price) VALUES (71, 9, 1, 94.45);
INSERT INTO TransactionDetail (transaction_id, product_id, quantity, unit_price) VALUES (20, 3, 2, 131.08);
INSERT INTO TransactionDetail (transaction_id, product_id, quantity, unit_price) VALUES (57, 2, 3, 46.7);
INSERT INTO TransactionDetail (transaction_id, product_id, quantity, unit_price) VALUES (75, 8, 1, 136.86);
INSERT INTO TransactionDetail (transaction_id, product_id, quantity, unit_price) VALUES (58, 1, 2, 37.15);
INSERT INTO TransactionDetail (transaction_id, product_id, quantity, unit_price) VALUES (54, 8, 3, 27.51);
INSERT INTO TransactionDetail (transaction_id, product_id, quantity, unit_price) VALUES (60, 5, 3, 22.83);
INSERT INTO TransactionDetail (transaction_id, product_id, quantity, unit_price) VALUES (33, 1, 3, 48.33);
INSERT INTO TransactionDetail (transaction_id, product_id, quantity, unit_price) VALUES (10, 1, 2, 64.79);
INSERT INTO TransactionDetail (transaction_id, product_id, quantity, unit_price) VALUES (9, 9, 1, 141.5);
INSERT INTO TransactionDetail (transaction_id, product_id, quantity, unit_price) VALUES (9, 8, 1, 57.32);
INSERT INTO TransactionDetail (transaction_id, product_id, quantity, unit_price) VALUES (24, 3, 3, 147.18);
INSERT INTO TransactionDetail (transaction_id, product_id, quantity, unit_price) VALUES (83, 7, 2, 149.07);
INSERT INTO TransactionDetail (transaction_id, product_id, quantity, unit_price) VALUES (49, 8, 2, 68.83);
INSERT INTO TransactionDetail (transaction_id, product_id, quantity, unit_price) VALUES (88, 9, 1, 104.96);
INSERT INTO TransactionDetail (transaction_id, product_id, quantity, unit_price) VALUES (45, 2, 1, 149.07);
INSERT INTO TransactionDetail (transaction_id, product_id, quantity, unit_price) VALUES (51, 9, 1, 114.62);
INSERT INTO TransactionDetail (transaction_id, product_id, quantity, unit_price) VALUES (29, 1, 1, 147.2);
INSERT INTO TransactionDetail (transaction_id, product_id, quantity, unit_price) VALUES (60, 9, 2, 89.15);
INSERT INTO TransactionDetail (transaction_id, product_id, quantity, unit_price) VALUES (30, 4, 2, 65.0);
INSERT INTO TransactionDetail (transaction_id, product_id, quantity, unit_price) VALUES (36, 4, 3, 119.51);
INSERT INTO TransactionDetail (transaction_id, product_id, quantity, unit_price) VALUES (5, 7, 3, 119.59);
INSERT INTO TransactionDetail (transaction_id, product_id, quantity, unit_price) VALUES (3, 4, 1, 28.75);
INSERT INTO TransactionDetail (transaction_id, product_id, quantity, unit_price) VALUES (77, 1, 2, 97.71);
INSERT INTO TransactionDetail (transaction_id, product_id, quantity, unit_price) VALUES (91, 1, 1, 116.27);
INSERT INTO TransactionDetail (transaction_id, product_id, quantity, unit_price) VALUES (52, 8, 1, 90.17);
INSERT INTO TransactionDetail (transaction_id, product_id, quantity, unit_price) VALUES (97, 1, 1, 85.51);
INSERT INTO TransactionDetail (transaction_id, product_id, quantity, unit_price) VALUES (38, 4, 3, 94.89);
INSERT INTO TransactionDetail (transaction_id, product_id, quantity, unit_price) VALUES (74, 10, 3, 126.39);
INSERT INTO TransactionDetail (transaction_id, product_id, quantity, unit_price) VALUES (31, 5, 1, 148.14);
INSERT INTO TransactionDetail (transaction_id, product_id, quantity, unit_price) VALUES (67, 4, 2, 59.07);
INSERT INTO TransactionDetail (transaction_id, product_id, quantity, unit_price) VALUES (8, 9, 3, 134.36);
INSERT INTO TransactionDetail (transaction_id, product_id, quantity, unit_price) VALUES (23, 7, 3, 84.43);
INSERT INTO TransactionDetail (transaction_id, product_id, quantity, unit_price) VALUES (45, 7, 3, 61.44);
INSERT INTO TransactionDetail (transaction_id, product_id, quantity, unit_price) VALUES (54, 7, 1, 58.99);
INSERT INTO TransactionDetail (transaction_id, product_id, quantity, unit_price) VALUES (24, 9, 2, 51.33);
INSERT INTO TransactionDetail (transaction_id, product_id, quantity, unit_price) VALUES (29, 5, 3, 38.77);
INSERT INTO TransactionDetail (transaction_id, product_id, quantity, unit_price) VALUES (60, 1, 3, 73.65);
INSERT INTO TransactionDetail (transaction_id, product_id, quantity, unit_price) VALUES (54, 9, 3, 37.43);
INSERT INTO TransactionDetail (transaction_id, product_id, quantity, unit_price) VALUES (32, 5, 1, 62.93);
INSERT INTO TransactionDetail (transaction_id, product_id, quantity, unit_price) VALUES (11, 8, 2, 32.02);
INSERT INTO TransactionDetail (transaction_id, product_id, quantity, unit_price) VALUES (93, 4, 1, 54.9);
INSERT INTO TransactionDetail (transaction_id, product_id, quantity, unit_price) VALUES (87, 10, 3, 25.14);
INSERT INTO TransactionDetail (transaction_id, product_id, quantity, unit_price) VALUES (10, 4, 3, 114.16);
INSERT INTO TransactionDetail (transaction_id, product_id, quantity, unit_price) VALUES (72, 4, 2, 47.16);
INSERT INTO TransactionDetail (transaction_id, product_id, quantity, unit_price) VALUES (43, 5, 1, 47.54);
INSERT INTO TransactionDetail (transaction_id, product_id, quantity, unit_price) VALUES (25, 2, 3, 149.94);
INSERT INTO TransactionDetail (transaction_id, product_id, quantity, unit_price) VALUES (62, 4, 3, 98.57);
INSERT INTO TransactionDetail (transaction_id, product_id, quantity, unit_price) VALUES (27, 7, 1, 91.77);
INSERT INTO TransactionDetail (transaction_id, product_id, quantity, unit_price) VALUES (100, 5, 2, 80.61);
INSERT INTO TransactionDetail (transaction_id, product_id, quantity, unit_price) VALUES (84, 6, 2, 54.0);
INSERT INTO TransactionDetail (transaction_id, product_id, quantity, unit_price) VALUES (66, 8, 2, 32.82);
INSERT INTO TransactionDetail (transaction_id, product_id, quantity, unit_price) VALUES (93, 8, 2, 138.86);
INSERT INTO TransactionDetail (transaction_id, product_id, quantity, unit_price) VALUES (48, 6, 2, 25.94);
INSERT INTO TransactionDetail (transaction_id, product_id, quantity, unit_price) VALUES (29, 3, 1, 53.9);
INSERT INTO TransactionDetail (transaction_id, product_id, quantity, unit_price) VALUES (75, 10, 3, 74.29);
INSERT INTO TransactionDetail (transaction_id, product_id, quantity, unit_price) VALUES (20, 4, 2, 49.9);
INSERT INTO TransactionDetail (transaction_id, product_id, quantity, unit_price) VALUES (73, 4, 2, 91.58);
INSERT INTO TransactionDetail (transaction_id, product_id, quantity, unit_price) VALUES (88, 6, 2, 119.24);
INSERT INTO TransactionDetail (transaction_id, product_id, quantity, unit_price) VALUES (63, 8, 2, 41.87);
INSERT INTO TransactionDetail (transaction_id, product_id, quantity, unit_price) VALUES (46, 3, 1, 113.64);
INSERT INTO TransactionDetail (transaction_id, product_id, quantity, unit_price) VALUES (63, 3, 3, 148.74);
INSERT INTO TransactionDetail (transaction_id, product_id, quantity, unit_price) VALUES (8, 9, 1, 129.08);
INSERT INTO TransactionDetail (transaction_id, product_id, quantity, unit_price) VALUES (10, 1, 1, 73.61);
INSERT INTO TransactionDetail (transaction_id, product_id, quantity, unit_price) VALUES (81, 4, 1, 111.93);
INSERT INTO TransactionDetail (transaction_id, product_id, quantity, unit_price) VALUES (2, 4, 3, 79.28);
INSERT INTO TransactionDetail (transaction_id, product_id, quantity, unit_price) VALUES (8, 10, 3, 106.68);
INSERT INTO TransactionDetail (transaction_id, product_id, quantity, unit_price) VALUES (79, 8, 3, 83.42);
INSERT INTO TransactionDetail (transaction_id, product_id, quantity, unit_price) VALUES (1, 9, 3, 73.47);
INSERT INTO TransactionDetail (transaction_id, product_id, quantity, unit_price) VALUES (3, 9, 3, 55.72);
INSERT INTO TransactionDetail (transaction_id, product_id, quantity, unit_price) VALUES (37, 1, 3, 125.71);
INSERT INTO TransactionDetail (transaction_id, product_id, quantity, unit_price) VALUES (87, 7, 1, 33.91);
INSERT INTO TransactionDetail (transaction_id, product_id, quantity, unit_price) VALUES (13, 9, 1, 51.33);
INSERT INTO TransactionDetail (transaction_id, product_id, quantity, unit_price) VALUES (80, 9, 2, 125.98);
INSERT INTO TransactionDetail (transaction_id, product_id, quantity, unit_price) VALUES (35, 7, 1, 68.5);
INSERT INTO TransactionDetail (transaction_id, product_id, quantity, unit_price) VALUES (52, 8, 3, 51.62);
INSERT INTO TransactionDetail (transaction_id, product_id, quantity, unit_price) VALUES (90, 4, 2, 108.93);
INSERT INTO TransactionDetail (transaction_id, product_id, quantity, unit_price) VALUES (11, 1, 1, 72.69);
INSERT INTO TransactionDetail (transaction_id, product_id, quantity, unit_price) VALUES (49, 9, 2, 27.29);
INSERT INTO TransactionDetail (transaction_id, product_id, quantity, unit_price) VALUES (2, 3, 1, 84.98);
INSERT INTO TransactionDetail (transaction_id, product_id, quantity, unit_price) VALUES (56, 6, 3, 147.05);
INSERT INTO TransactionDetail (transaction_id, product_id, quantity, unit_price) VALUES (13, 9, 1, 49.87);
INSERT INTO TransactionDetail (transaction_id, product_id, quantity, unit_price) VALUES (89, 10, 2, 55.24);
INSERT INTO TransactionDetail (transaction_id, product_id, quantity, unit_price) VALUES (10, 5, 3, 93.26);
INSERT INTO TransactionDetail (transaction_id, product_id, quantity, unit_price) VALUES (5, 3, 2, 22.04);
INSERT INTO TransactionDetail (transaction_id, product_id, quantity, unit_price) VALUES (27, 10, 1, 117.79);
INSERT INTO TransactionDetail (transaction_id, product_id, quantity, unit_price) VALUES (92, 7, 1, 58.91);
INSERT INTO TransactionDetail (transaction_id, product_id, quantity, unit_price) VALUES (73, 4, 3, 128.5);
INSERT INTO TransactionDetail (transaction_id, product_id, quantity, unit_price) VALUES (50, 9, 2, 69.9);
INSERT INTO TransactionDetail (transaction_id, product_id, quantity, unit_price) VALUES (95, 3, 3, 114.14);
INSERT INTO TransactionDetail (transaction_id, product_id, quantity, unit_price) VALUES (65, 6, 1, 32.7);
INSERT INTO TransactionDetail (transaction_id, product_id, quantity, unit_price) VALUES (30, 2, 2, 98.67);
INSERT INTO TransactionDetail (transaction_id, product_id, quantity, unit_price) VALUES (79, 10, 2, 145.96);
INSERT INTO TransactionDetail (transaction_id, product_id, quantity, unit_price) VALUES (42, 1, 3, 55.53);
INSERT INTO TransactionDetail (transaction_id, product_id, quantity, unit_price) VALUES (58, 8, 1, 66.26);
INSERT INTO TransactionDetail (transaction_id, product_id, quantity, unit_price) VALUES (49, 7, 1, 108.36);
INSERT INTO TransactionDetail (transaction_id, product_id, quantity, unit_price) VALUES (85, 7, 1, 120.38);
INSERT INTO TransactionDetail (transaction_id, product_id, quantity, unit_price) VALUES (38, 4, 3, 29.56);
INSERT INTO TransactionDetail (transaction_id, product_id, quantity, unit_price) VALUES (35, 3, 2, 112.52);
INSERT INTO TransactionDetail (transaction_id, product_id, quantity, unit_price) VALUES (82, 3, 3, 70.65);
INSERT INTO TransactionDetail (transaction_id, product_id, quantity, unit_price) VALUES (47, 2, 1, 20.68);
INSERT INTO TransactionDetail (transaction_id, product_id, quantity, unit_price) VALUES (40, 8, 2, 118.98);
INSERT INTO TransactionDetail (transaction_id, product_id, quantity, unit_price) VALUES (14, 3, 1, 44.36);
INSERT INTO TransactionDetail (transaction_id, product_id, quantity, unit_price) VALUES (58, 9, 3, 86.62);
INSERT INTO TransactionDetail (transaction_id, product_id, quantity, unit_price) VALUES (14, 1, 1, 66.01);
INSERT INTO TransactionDetail (transaction_id, product_id, quantity, unit_price) VALUES (12, 10, 3, 121.98);
INSERT INTO TransactionDetail (transaction_id, product_id, quantity, unit_price) VALUES (50, 1, 2, 73.8);
INSERT INTO TransactionDetail (transaction_id, product_id, quantity, unit_price) VALUES (100, 2, 3, 137.15);
INSERT INTO TransactionDetail (transaction_id, product_id, quantity, unit_price) VALUES (32, 10, 3, 42.05);
INSERT INTO TransactionDetail (transaction_id, product_id, quantity, unit_price) VALUES (49, 3, 1, 54.96);
INSERT INTO TransactionDetail (transaction_id, product_id, quantity, unit_price) VALUES (35, 8, 1, 28.22);
INSERT INTO TransactionDetail (transaction_id, product_id, quantity, unit_price) VALUES (56, 5, 2, 58.97);
INSERT INTO TransactionDetail (transaction_id, product_id, quantity, unit_price) VALUES (10, 6, 2, 142.75);
INSERT INTO TransactionDetail (transaction_id, product_id, quantity, unit_price) VALUES (93, 8, 3, 100.17);
INSERT INTO TransactionDetail (transaction_id, product_id, quantity, unit_price) VALUES (59, 2, 1, 59.61);
INSERT INTO TransactionDetail (transaction_id, product_id, quantity, unit_price) VALUES (51, 6, 3, 69.39);
INSERT INTO TransactionDetail (transaction_id, product_id, quantity, unit_price) VALUES (43, 8, 2, 75.98);
INSERT INTO TransactionDetail (transaction_id, product_id, quantity, unit_price) VALUES (84, 10, 1, 59.06);
INSERT INTO TransactionDetail (transaction_id, product_id, quantity, unit_price) VALUES (78, 4, 2, 60.84);
INSERT INTO TransactionDetail (transaction_id, product_id, quantity, unit_price) VALUES (51, 6, 2, 115.53);
INSERT INTO TransactionDetail (transaction_id, product_id, quantity, unit_price) VALUES (82, 8, 3, 121.66);
INSERT INTO TransactionDetail (transaction_id, product_id, quantity, unit_price) VALUES (42, 7, 2, 126.14);
INSERT INTO TransactionDetail (transaction_id, product_id, quantity, unit_price) VALUES (51, 6, 1, 141.17);
INSERT INTO TransactionDetail (transaction_id, product_id, quantity, unit_price) VALUES (26, 10, 3, 43.39);
INSERT INTO TransactionDetail (transaction_id, product_id, quantity, unit_price) VALUES (99, 9, 1, 143.89);
INSERT INTO TransactionDetail (transaction_id, product_id, quantity, unit_price) VALUES (60, 4, 2, 123.7);
INSERT INTO TransactionDetail (transaction_id, product_id, quantity, unit_price) VALUES (89, 2, 2, 107.49);
INSERT INTO TransactionDetail (transaction_id, product_id, quantity, unit_price) VALUES (18, 5, 1, 52.85);
INSERT INTO TransactionDetail (transaction_id, product_id, quantity, unit_price) VALUES (20, 7, 2, 29.62);
INSERT INTO TransactionDetail (transaction_id, product_id, quantity, unit_price) VALUES (77, 8, 3, 72.1);
INSERT INTO TransactionDetail (transaction_id, product_id, quantity, unit_price) VALUES (65, 7, 3, 24.78);
INSERT INTO TransactionDetail (transaction_id, product_id, quantity, unit_price) VALUES (47, 9, 3, 102.96);
INSERT INTO TransactionDetail (transaction_id, product_id, quantity, unit_price) VALUES (11, 2, 1, 105.49);
INSERT INTO TransactionDetail (transaction_id, product_id, quantity, unit_price) VALUES (46, 3, 3, 99.65);
INSERT INTO TransactionDetail (transaction_id, product_id, quantity, unit_price) VALUES (73, 7, 2, 145.54);
INSERT INTO TransactionDetail (transaction_id, product_id, quantity, unit_price) VALUES (56, 2, 1, 32.82);
INSERT INTO TransactionDetail (transaction_id, product_id, quantity, unit_price) VALUES (29, 9, 3, 87.44);
INSERT INTO TransactionDetail (transaction_id, product_id, quantity, unit_price) VALUES (75, 10, 1, 77.95);
INSERT INTO TransactionDetail (transaction_id, product_id, quantity, unit_price) VALUES (51, 8, 3, 96.52);
INSERT INTO TransactionDetail (transaction_id, product_id, quantity, unit_price) VALUES (65, 3, 2, 149.7);
INSERT INTO TransactionDetail (transaction_id, product_id, quantity, unit_price) VALUES (62, 2, 2, 74.08);
INSERT INTO TransactionDetail (transaction_id, product_id, quantity, unit_price) VALUES (11, 2, 3, 38.42);
INSERT INTO TransactionDetail (transaction_id, product_id, quantity, unit_price) VALUES (40, 6, 2, 121.96);
INSERT INTO TransactionDetail (transaction_id, product_id, quantity, unit_price) VALUES (67, 8, 2, 81.9);
INSERT INTO TransactionDetail (transaction_id, product_id, quantity, unit_price) VALUES (57, 8, 2, 28.73);
INSERT INTO TransactionDetail (transaction_id, product_id, quantity, unit_price) VALUES (6, 2, 1, 130.39);
INSERT INTO TransactionDetail (transaction_id, product_id, quantity, unit_price) VALUES (83, 2, 3, 124.01);
INSERT INTO TransactionDetail (transaction_id, product_id, quantity, unit_price) VALUES (95, 4, 3, 42.68);
INSERT INTO TransactionDetail (transaction_id, product_id, quantity, unit_price) VALUES (21, 6, 3, 75.43);
INSERT INTO TransactionDetail (transaction_id, product_id, quantity, unit_price) VALUES (60, 4, 2, 101.87);
INSERT INTO TransactionDetail (transaction_id, product_id, quantity, unit_price) VALUES (24, 7, 2, 23.79);
INSERT INTO TransactionDetail (transaction_id, product_id, quantity, unit_price) VALUES (79, 4, 2, 96.99);
INSERT INTO TransactionDetail (transaction_id, product_id, quantity, unit_price) VALUES (50, 1, 3, 47.92);
INSERT INTO TransactionDetail (transaction_id, product_id, quantity, unit_price) VALUES (36, 2, 3, 33.23);
INSERT INTO TransactionDetail (transaction_id, product_id, quantity, unit_price) VALUES (69, 3, 2, 62.38);
INSERT INTO TransactionDetail (transaction_id, product_id, quantity, unit_price) VALUES (59, 2, 2, 107.19);
INSERT INTO TransactionDetail (transaction_id, product_id, quantity, unit_price) VALUES (63, 9, 3, 60.74);
INSERT INTO TransactionDetail (transaction_id, product_id, quantity, unit_price) VALUES (50, 10, 2, 96.31);
INSERT INTO TransactionDetail (transaction_id, product_id, quantity, unit_price) VALUES (45, 6, 2, 100.26);
INSERT INTO TransactionDetail (transaction_id, product_id, quantity, unit_price) VALUES (87, 5, 3, 96.72);
INSERT INTO TransactionDetail (transaction_id, product_id, quantity, unit_price) VALUES (87, 3, 2, 35.32);
INSERT INTO TransactionDetail (transaction_id, product_id, quantity, unit_price) VALUES (40, 2, 1, 68.53);
INSERT INTO TransactionDetail (transaction_id, product_id, quantity, unit_price) VALUES (19, 9, 2, 74.37);
INSERT INTO TransactionDetail (transaction_id, product_id, quantity, unit_price) VALUES (18, 10, 2, 75.0);
INSERT INTO TransactionDetail (transaction_id, product_id, quantity, unit_price) VALUES (63, 9, 3, 139.49);
INSERT INTO TransactionDetail (transaction_id, product_id, quantity, unit_price) VALUES (23, 9, 1, 83.65);
INSERT INTO TransactionDetail (transaction_id, product_id, quantity, unit_price) VALUES (18, 3, 2, 129.46);
INSERT INTO TransactionDetail (transaction_id, product_id, quantity, unit_price) VALUES (80, 1, 2, 143.74);
INSERT INTO TransactionDetail (transaction_id, product_id, quantity, unit_price) VALUES (63, 3, 1, 125.98);
INSERT INTO TransactionDetail (transaction_id, product_id, quantity, unit_price) VALUES (72, 9, 3, 84.35);
INSERT INTO TransactionDetail (transaction_id, product_id, quantity, unit_price) VALUES (88, 8, 2, 112.32);
INSERT INTO TransactionDetail (transaction_id, product_id, quantity, unit_price) VALUES (57, 8, 1, 30.75);
INSERT INTO TransactionDetail (transaction_id, product_id, quantity, unit_price) VALUES (4, 4, 2, 24.25);
INSERT INTO TransactionDetail (transaction_id, product_id, quantity, unit_price) VALUES (29, 9, 2, 41.87);
INSERT INTO TransactionDetail (transaction_id, product_id, quantity, unit_price) VALUES (59, 10, 3, 120.43);
INSERT INTO TransactionDetail (transaction_id, product_id, quantity, unit_price) VALUES (64, 9, 3, 34.72);
INSERT INTO TransactionDetail (transaction_id, product_id, quantity, unit_price) VALUES (15, 5, 3, 127.03);
INSERT INTO TransactionDetail (transaction_id, product_id, quantity, unit_price) VALUES (47, 9, 1, 118.8);
INSERT INTO TransactionDetail (transaction_id, product_id, quantity, unit_price) VALUES (57, 9, 1, 148.67);
INSERT INTO TransactionDetail (transaction_id, product_id, quantity, unit_price) VALUES (14, 4, 2, 133.73);
INSERT INTO TransactionDetail (transaction_id, product_id, quantity, unit_price) VALUES (5, 8, 2, 65.32);
INSERT INTO TransactionDetail (transaction_id, product_id, quantity, unit_price) VALUES (12, 8, 1, 120.83);
INSERT INTO TransactionDetail (transaction_id, product_id, quantity, unit_price) VALUES (31, 4, 3, 96.43);
INSERT INTO TransactionDetail (transaction_id, product_id, quantity, unit_price) VALUES (45, 10, 3, 75.66);
INSERT INTO TransactionDetail (transaction_id, product_id, quantity, unit_price) VALUES (79, 3, 1, 125.76);
INSERT INTO TransactionDetail (transaction_id, product_id, quantity, unit_price) VALUES (8, 10, 2, 89.2);
INSERT INTO TransactionDetail (transaction_id, product_id, quantity, unit_price) VALUES (77, 9, 1, 62.07);
INSERT INTO TransactionDetail (transaction_id, product_id, quantity, unit_price) VALUES (91, 5, 2, 94.46);
INSERT INTO TransactionDetail (transaction_id, product_id, quantity, unit_price) VALUES (66, 2, 1, 145.16);
INSERT INTO TransactionDetail (transaction_id, product_id, quantity, unit_price) VALUES (53, 1, 2, 132.72);
INSERT INTO TransactionDetail (transaction_id, product_id, quantity, unit_price) VALUES (17, 3, 1, 39.01);
INSERT INTO TransactionDetail (transaction_id, product_id, quantity, unit_price) VALUES (42, 4, 3, 71.05);
INSERT INTO TransactionDetail (transaction_id, product_id, quantity, unit_price) VALUES (19, 10, 3, 54.93);
INSERT INTO TransactionDetail (transaction_id, product_id, quantity, unit_price) VALUES (54, 7, 2, 29.82);
INSERT INTO TransactionDetail (transaction_id, product_id, quantity, unit_price) VALUES (99, 2, 2, 87.03);
INSERT INTO TransactionDetail (transaction_id, product_id, quantity, unit_price) VALUES (36, 6, 2, 143.53);
INSERT INTO TransactionDetail (transaction_id, product_id, quantity, unit_price) VALUES (42, 10, 1, 132.96);
INSERT INTO TransactionDetail (transaction_id, product_id, quantity, unit_price) VALUES (94, 2, 3, 146.38);
INSERT INTO TransactionDetail (transaction_id, product_id, quantity, unit_price) VALUES (82, 6, 1, 123.44);
INSERT INTO TransactionDetail (transaction_id, product_id, quantity, unit_price) VALUES (51, 4, 2, 127.23);
INSERT INTO TransactionDetail (transaction_id, product_id, quantity, unit_price) VALUES (64, 5, 2, 127.68);
INSERT INTO TransactionDetail (transaction_id, product_id, quantity, unit_price) VALUES (44, 9, 3, 36.98);
INSERT INTO TransactionDetail (transaction_id, product_id, quantity, unit_price) VALUES (63, 6, 3, 119.09);
INSERT INTO TransactionDetail (transaction_id, product_id, quantity, unit_price) VALUES (6, 2, 3, 121.91);
INSERT INTO TransactionDetail (transaction_id, product_id, quantity, unit_price) VALUES (59, 1, 1, 140.83);
INSERT INTO TransactionDetail (transaction_id, product_id, quantity, unit_price) VALUES (21, 8, 2, 20.09);
INSERT INTO TransactionDetail (transaction_id, product_id, quantity, unit_price) VALUES (55, 4, 3, 138.22);
INSERT INTO TransactionDetail (transaction_id, product_id, quantity, unit_price) VALUES (84, 5, 1, 133.68);
INSERT INTO TransactionDetail (transaction_id, product_id, quantity, unit_price) VALUES (36, 2, 3, 66.86);
INSERT INTO TransactionDetail (transaction_id, product_id, quantity, unit_price) VALUES (11, 6, 3, 137.49);
INSERT INTO TransactionDetail (transaction_id, product_id, quantity, unit_price) VALUES (22, 1, 2, 101.33);
INSERT INTO TransactionDetail (transaction_id, product_id, quantity, unit_price) VALUES (93, 4, 2, 105.21);
INSERT INTO TransactionDetail (transaction_id, product_id, quantity, unit_price) VALUES (91, 2, 1, 47.74);
INSERT INTO TransactionDetail (transaction_id, product_id, quantity, unit_price) VALUES (10, 3, 3, 49.4);
INSERT INTO TransactionDetail (transaction_id, product_id, quantity, unit_price) VALUES (88, 8, 1, 21.05);
INSERT INTO TransactionDetail (transaction_id, product_id, quantity, unit_price) VALUES (44, 2, 2, 110.22);
INSERT INTO TransactionDetail (transaction_id, product_id, quantity, unit_price) VALUES (62, 2, 1, 69.8);
INSERT INTO TransactionDetail (transaction_id, product_id, quantity, unit_price) VALUES (94, 2, 1, 60.74);
INSERT INTO TransactionDetail (transaction_id, product_id, quantity, unit_price) VALUES (39, 3, 2, 120.55);
INSERT INTO TransactionDetail (transaction_id, product_id, quantity, unit_price) VALUES (97, 3, 3, 149.08);
INSERT INTO TransactionDetail (transaction_id, product_id, quantity, unit_price) VALUES (19, 2, 3, 93.23);
INSERT INTO TransactionDetail (transaction_id, product_id, quantity, unit_price) VALUES (79, 3, 2, 65.65);
INSERT INTO TransactionDetail (transaction_id, product_id, quantity, unit_price) VALUES (28, 3, 2, 100.09);
INSERT INTO TransactionDetail (transaction_id, product_id, quantity, unit_price) VALUES (57, 4, 1, 136.56);
INSERT INTO TransactionDetail (transaction_id, product_id, quantity, unit_price) VALUES (18, 2, 3, 114.9);
INSERT INTO TransactionDetail (transaction_id, product_id, quantity, unit_price) VALUES (45, 7, 2, 122.84);
INSERT INTO TransactionDetail (transaction_id, product_id, quantity, unit_price) VALUES (32, 5, 3, 30.95);
INSERT INTO TransactionDetail (transaction_id, product_id, quantity, unit_price) VALUES (71, 10, 3, 113.75);
INSERT INTO TransactionDetail (transaction_id, product_id, quantity, unit_price) VALUES (37, 1, 3, 133.86);
INSERT INTO TransactionDetail (transaction_id, product_id, quantity, unit_price) VALUES (27, 9, 3, 86.24);
INSERT INTO TransactionDetail (transaction_id, product_id, quantity, unit_price) VALUES (96, 7, 2, 104.0);
INSERT INTO TransactionDetail (transaction_id, product_id, quantity, unit_price) VALUES (31, 8, 2, 34.66);
INSERT INTO TransactionDetail (transaction_id, product_id, quantity, unit_price) VALUES (64, 10, 1, 88.68);
INSERT INTO TransactionDetail (transaction_id, product_id, quantity, unit_price) VALUES (2, 6, 2, 37.16);
INSERT INTO TransactionDetail (transaction_id, product_id, quantity, unit_price) VALUES (73, 7, 2, 91.03);
INSERT INTO TransactionDetail (transaction_id, product_id, quantity, unit_price) VALUES (23, 8, 1, 22.17);
INSERT INTO TransactionDetail (transaction_id, product_id, quantity, unit_price) VALUES (9, 1, 2, 48.05);
INSERT INTO TransactionDetail (transaction_id, product_id, quantity, unit_price) VALUES (8, 7, 3, 57.24);
INSERT INTO TransactionDetail (transaction_id, product_id, quantity, unit_price) VALUES (92, 9, 2, 75.06);
INSERT INTO TransactionDetail (transaction_id, product_id, quantity, unit_price) VALUES (52, 2, 3, 89.75);
INSERT INTO TransactionDetail (transaction_id, product_id, quantity, unit_price) VALUES (79, 3, 2, 30.87);
INSERT INTO TransactionDetail (transaction_id, product_id, quantity, unit_price) VALUES (11, 9, 1, 146.66);
INSERT INTO TransactionDetail (transaction_id, product_id, quantity, unit_price) VALUES (20, 9, 2, 70.8);
INSERT INTO TransactionDetail (transaction_id, product_id, quantity, unit_price) VALUES (82, 2, 2, 110.83);
INSERT INTO TransactionDetail (transaction_id, product_id, quantity, unit_price) VALUES (94, 4, 1, 51.78);
INSERT INTO TransactionDetail (transaction_id, product_id, quantity, unit_price) VALUES (56, 2, 2, 99.6);
INSERT INTO TransactionDetail (transaction_id, product_id, quantity, unit_price) VALUES (8, 5, 3, 116.42);
INSERT INTO TransactionDetail (transaction_id, product_id, quantity, unit_price) VALUES (95, 3, 1, 21.65);
INSERT INTO TransactionDetail (transaction_id, product_id, quantity, unit_price) VALUES (18, 1, 1, 84.53);
INSERT INTO TransactionDetail (transaction_id, product_id, quantity, unit_price) VALUES (45, 9, 3, 121.79);
INSERT INTO TransactionDetail (transaction_id, product_id, quantity, unit_price) VALUES (93, 5, 1, 68.34);
INSERT INTO TransactionDetail (transaction_id, product_id, quantity, unit_price) VALUES (96, 5, 3, 135.23);
INSERT INTO TransactionDetail (transaction_id, product_id, quantity, unit_price) VALUES (99, 1, 2, 124.92);
INSERT INTO TransactionDetail (transaction_id, product_id, quantity, unit_price) VALUES (35, 9, 1, 54.18);
INSERT INTO TransactionDetail (transaction_id, product_id, quantity, unit_price) VALUES (74, 2, 2, 79.18);
INSERT INTO TransactionDetail (transaction_id, product_id, quantity, unit_price) VALUES (47, 1, 2, 131.72);
INSERT INTO TransactionDetail (transaction_id, product_id, quantity, unit_price) VALUES (22, 6, 1, 53.17);
INSERT INTO TransactionDetail (transaction_id, product_id, quantity, unit_price) VALUES (14, 10, 3, 113.96);
INSERT INTO TransactionDetail (transaction_id, product_id, quantity, unit_price) VALUES (30, 9, 1, 25.72);
INSERT INTO TransactionDetail (transaction_id, product_id, quantity, unit_price) VALUES (2, 4, 1, 81.33);
INSERT INTO TransactionDetail (transaction_id, product_id, quantity, unit_price) VALUES (50, 3, 1, 141.05);
INSERT INTO TransactionDetail (transaction_id, product_id, quantity, unit_price) VALUES (5, 9, 3, 116.29);
INSERT INTO TransactionDetail (transaction_id, product_id, quantity, unit_price) VALUES (54, 4, 2, 52.27);
INSERT INTO TransactionDetail (transaction_id, product_id, quantity, unit_price) VALUES (93, 6, 2, 127.38);
INSERT INTO TransactionDetail (transaction_id, product_id, quantity, unit_price) VALUES (74, 6, 1, 85.27);
INSERT INTO TransactionDetail (transaction_id, product_id, quantity, unit_price) VALUES (7, 3, 1, 124.56);
INSERT INTO TransactionDetail (transaction_id, product_id, quantity, unit_price) VALUES (6, 7, 1, 134.01);
INSERT INTO TransactionDetail (transaction_id, product_id, quantity, unit_price) VALUES (37, 5, 2, 31.23);
INSERT INTO TransactionDetail (transaction_id, product_id, quantity, unit_price) VALUES (59, 1, 2, 46.09);
INSERT INTO TransactionDetail (transaction_id, product_id, quantity, unit_price) VALUES (73, 5, 3, 100.95);
INSERT INTO TransactionDetail (transaction_id, product_id, quantity, unit_price) VALUES (60, 6, 3, 146.34);
INSERT INTO TransactionDetail (transaction_id, product_id, quantity, unit_price) VALUES (99, 4, 3, 137.06);
INSERT INTO TransactionDetail (transaction_id, product_id, quantity, unit_price) VALUES (98, 4, 1, 20.83);
INSERT INTO TransactionDetail (transaction_id, product_id, quantity, unit_price) VALUES (53, 1, 1, 90.4);
INSERT INTO TransactionDetail (transaction_id, product_id, quantity, unit_price) VALUES (82, 1, 2, 20.19);
INSERT INTO TransactionDetail (transaction_id, product_id, quantity, unit_price) VALUES (85, 7, 3, 114.54);
INSERT INTO TransactionDetail (transaction_id, product_id, quantity, unit_price) VALUES (14, 4, 3, 147.81);
INSERT INTO TransactionDetail (transaction_id, product_id, quantity, unit_price) VALUES (54, 8, 1, 146.43);
INSERT INTO TransactionDetail (transaction_id, product_id, quantity, unit_price) VALUES (19, 5, 1, 25.71);
INSERT INTO TransactionDetail (transaction_id, product_id, quantity, unit_price) VALUES (30, 9, 2, 111.11);
INSERT INTO TransactionDetail (transaction_id, product_id, quantity, unit_price) VALUES (48, 8, 3, 31.04);
INSERT INTO TransactionDetail (transaction_id, product_id, quantity, unit_price) VALUES (13, 9, 1, 102.84);
INSERT INTO TransactionDetail (transaction_id, product_id, quantity, unit_price) VALUES (51, 2, 3, 93.82);
INSERT INTO TransactionDetail (transaction_id, product_id, quantity, unit_price) VALUES (56, 3, 1, 57.92);
INSERT INTO TransactionDetail (transaction_id, product_id, quantity, unit_price) VALUES (41, 7, 3, 128.15);
INSERT INTO TransactionDetail (transaction_id, product_id, quantity, unit_price) VALUES (42, 6, 2, 55.35);
INSERT INTO TransactionDetail (transaction_id, product_id, quantity, unit_price) VALUES (10, 4, 1, 121.39);
INSERT INTO TransactionDetail (transaction_id, product_id, quantity, unit_price) VALUES (75, 2, 1, 33.74);
INSERT INTO TransactionDetail (transaction_id, product_id, quantity, unit_price) VALUES (58, 8, 2, 72.85);
INSERT INTO TransactionDetail (transaction_id, product_id, quantity, unit_price) VALUES (69, 6, 1, 78.75);
INSERT INTO TransactionDetail (transaction_id, product_id, quantity, unit_price) VALUES (60, 5, 1, 31.75);
INSERT INTO TransactionDetail (transaction_id, product_id, quantity, unit_price) VALUES (88, 5, 3, 110.59);
INSERT INTO TransactionDetail (transaction_id, product_id, quantity, unit_price) VALUES (6, 4, 2, 39.28);
INSERT INTO TransactionDetail (transaction_id, product_id, quantity, unit_price) VALUES (92, 4, 2, 71.51);
INSERT INTO TransactionDetail (transaction_id, product_id, quantity, unit_price) VALUES (7, 5, 2, 126.61);
INSERT INTO TransactionDetail (transaction_id, product_id, quantity, unit_price) VALUES (23, 1, 2, 131.1);
INSERT INTO TransactionDetail (transaction_id, product_id, quantity, unit_price) VALUES (72, 9, 1, 32.31);
INSERT INTO TransactionDetail (transaction_id, product_id, quantity, unit_price) VALUES (14, 3, 1, 21.55);
INSERT INTO TransactionDetail (transaction_id, product_id, quantity, unit_price) VALUES (100, 4, 1, 45.76);
INSERT INTO TransactionDetail (transaction_id, product_id, quantity, unit_price) VALUES (52, 6, 3, 101.94);
INSERT INTO TransactionDetail (transaction_id, product_id, quantity, unit_price) VALUES (83, 2, 3, 96.2);
INSERT INTO TransactionDetail (transaction_id, product_id, quantity, unit_price) VALUES (10, 1, 1, 45.71);
INSERT INTO TransactionDetail (transaction_id, product_id, quantity, unit_price) VALUES (83, 8, 1, 31.96);
INSERT INTO TransactionDetail (transaction_id, product_id, quantity, unit_price) VALUES (43, 2, 1, 142.5);
INSERT INTO TransactionDetail (transaction_id, product_id, quantity, unit_price) VALUES (7, 3, 3, 76.31);
INSERT INTO TransactionDetail (transaction_id, product_id, quantity, unit_price) VALUES (93, 7, 2, 23.83);
INSERT INTO TransactionDetail (transaction_id, product_id, quantity, unit_price) VALUES (88, 7, 1, 66.01);
INSERT INTO TransactionDetail (transaction_id, product_id, quantity, unit_price) VALUES (24, 5, 2, 77.98);
INSERT INTO TransactionDetail (transaction_id, product_id, quantity, unit_price) VALUES (20, 1, 3, 100.49);
INSERT INTO TransactionDetail (transaction_id, product_id, quantity, unit_price) VALUES (32, 5, 2, 73.56);
INSERT INTO TransactionDetail (transaction_id, product_id, quantity, unit_price) VALUES (71, 8, 1, 31.4);
INSERT INTO TransactionDetail (transaction_id, product_id, quantity, unit_price) VALUES (50, 3, 2, 45.93);
INSERT INTO TransactionDetail (transaction_id, product_id, quantity, unit_price) VALUES (68, 4, 3, 149.23);
INSERT INTO TransactionDetail (transaction_id, product_id, quantity, unit_price) VALUES (70, 1, 2, 121.65);
INSERT INTO TransactionDetail (transaction_id, product_id, quantity, unit_price) VALUES (46, 8, 3, 121.59);
INSERT INTO TransactionDetail (transaction_id, product_id, quantity, unit_price) VALUES (45, 10, 3, 61.81);
INSERT INTO TransactionDetail (transaction_id, product_id, quantity, unit_price) VALUES (35, 3, 1, 61.45);
INSERT INTO TransactionDetail (transaction_id, product_id, quantity, unit_price) VALUES (29, 1, 2, 27.62);
INSERT INTO TransactionDetail (transaction_id, product_id, quantity, unit_price) VALUES (61, 9, 2, 119.69);
INSERT INTO TransactionDetail (transaction_id, product_id, quantity, unit_price) VALUES (30, 3, 1, 52.22);
INSERT INTO TransactionDetail (transaction_id, product_id, quantity, unit_price) VALUES (31, 5, 3, 126.12);
INSERT INTO TransactionDetail (transaction_id, product_id, quantity, unit_price) VALUES (95, 1, 1, 94.84);
INSERT INTO TransactionDetail (transaction_id, product_id, quantity, unit_price) VALUES (50, 6, 1, 42.89);
INSERT INTO TransactionDetail (transaction_id, product_id, quantity, unit_price) VALUES (76, 6, 3, 110.69);
INSERT INTO TransactionDetail (transaction_id, product_id, quantity, unit_price) VALUES (76, 1, 3, 111.07);
INSERT INTO TransactionDetail (transaction_id, product_id, quantity, unit_price) VALUES (73, 10, 1, 93.2);
INSERT INTO TransactionDetail (transaction_id, product_id, quantity, unit_price) VALUES (25, 8, 3, 60.18);
INSERT INTO TransactionDetail (transaction_id, product_id, quantity, unit_price) VALUES (63, 1, 1, 27.3);
INSERT INTO TransactionDetail (transaction_id, product_id, quantity, unit_price) VALUES (78, 4, 1, 88.44);
INSERT INTO TransactionDetail (transaction_id, product_id, quantity, unit_price) VALUES (1, 6, 3, 46.19);
INSERT INTO TransactionDetail (transaction_id, product_id, quantity, unit_price) VALUES (17, 6, 3, 43.07);
INSERT INTO TransactionDetail (transaction_id, product_id, quantity, unit_price) VALUES (42, 1, 1, 39.2);
INSERT INTO TransactionDetail (transaction_id, product_id, quantity, unit_price) VALUES (91, 3, 1, 130.04);
INSERT INTO TransactionDetail (transaction_id, product_id, quantity, unit_price) VALUES (47, 2, 2, 111.59);
INSERT INTO TransactionDetail (transaction_id, product_id, quantity, unit_price) VALUES (85, 7, 3, 33.13);
INSERT INTO TransactionDetail (transaction_id, product_id, quantity, unit_price) VALUES (39, 6, 1, 146.86);
INSERT INTO TransactionDetail (transaction_id, product_id, quantity, unit_price) VALUES (94, 7, 3, 144.89);
INSERT INTO TransactionDetail (transaction_id, product_id, quantity, unit_price) VALUES (84, 6, 1, 111.93);
INSERT INTO TransactionDetail (transaction_id, product_id, quantity, unit_price) VALUES (72, 10, 2, 49.02);
INSERT INTO TransactionDetail (transaction_id, product_id, quantity, unit_price) VALUES (76, 3, 2, 59.89);
INSERT INTO TransactionDetail (transaction_id, product_id, quantity, unit_price) VALUES (89, 5, 1, 43.1);
INSERT INTO TransactionDetail (transaction_id, product_id, quantity, unit_price) VALUES (1, 10, 2, 130.6);
INSERT INTO TransactionDetail (transaction_id, product_id, quantity, unit_price) VALUES (99, 10, 1, 43.67);
INSERT INTO TransactionDetail (transaction_id, product_id, quantity, unit_price) VALUES (41, 10, 1, 103.15);
INSERT INTO TransactionDetail (transaction_id, product_id, quantity, unit_price) VALUES (14, 8, 1, 63.05);
INSERT INTO TransactionDetail (transaction_id, product_id, quantity, unit_price) VALUES (10, 4, 2, 147.71);
INSERT INTO TransactionDetail (transaction_id, product_id, quantity, unit_price) VALUES (22, 2, 3, 107.1);
INSERT INTO TransactionDetail (transaction_id, product_id, quantity, unit_price) VALUES (94, 6, 2, 21.48);
INSERT INTO TransactionDetail (transaction_id, product_id, quantity, unit_price) VALUES (27, 4, 3, 28.81);
INSERT INTO TransactionDetail (transaction_id, product_id, quantity, unit_price) VALUES (33, 2, 3, 20.17);
INSERT INTO TransactionDetail (transaction_id, product_id, quantity, unit_price) VALUES (50, 8, 3, 74.55);
INSERT INTO TransactionDetail (transaction_id, product_id, quantity, unit_price) VALUES (22, 7, 2, 134.63);
INSERT INTO TransactionDetail (transaction_id, product_id, quantity, unit_price) VALUES (45, 9, 2, 33.19);
INSERT INTO TransactionDetail (transaction_id, product_id, quantity, unit_price) VALUES (62, 10, 3, 118.57);
INSERT INTO TransactionDetail (transaction_id, product_id, quantity, unit_price) VALUES (29, 3, 2, 29.58);
INSERT INTO TransactionDetail (transaction_id, product_id, quantity, unit_price) VALUES (5, 5, 1, 61.43);
INSERT INTO TransactionDetail (transaction_id, product_id, quantity, unit_price) VALUES (14, 2, 2, 42.11);
INSERT INTO TransactionDetail (transaction_id, product_id, quantity, unit_price) VALUES (49, 3, 3, 29.75);
INSERT INTO TransactionDetail (transaction_id, product_id, quantity, unit_price) VALUES (12, 6, 3, 148.09);
INSERT INTO TransactionDetail (transaction_id, product_id, quantity, unit_price) VALUES (62, 1, 2, 142.52);
INSERT INTO TransactionDetail (transaction_id, product_id, quantity, unit_price) VALUES (22, 10, 2, 40.42);
INSERT INTO TransactionDetail (transaction_id, product_id, quantity, unit_price) VALUES (13, 6, 1, 146.67);
INSERT INTO TransactionDetail (transaction_id, product_id, quantity, unit_price) VALUES (53, 9, 3, 140.32);
INSERT INTO TransactionDetail (transaction_id, product_id, quantity, unit_price) VALUES (70, 5, 3, 56.6);
INSERT INTO TransactionDetail (transaction_id, product_id, quantity, unit_price) VALUES (31, 2, 1, 71.08);
INSERT INTO TransactionDetail (transaction_id, product_id, quantity, unit_price) VALUES (71, 8, 1, 27.09);
INSERT INTO TransactionDetail (transaction_id, product_id, quantity, unit_price) VALUES (1, 7, 1, 58.29);
INSERT INTO TransactionDetail (transaction_id, product_id, quantity, unit_price) VALUES (85, 10, 2, 45.96);
INSERT INTO TransactionDetail (transaction_id, product_id, quantity, unit_price) VALUES (4, 4, 1, 102.96);
INSERT INTO TransactionDetail (transaction_id, product_id, quantity, unit_price) VALUES (11, 8, 1, 60.09);
INSERT INTO TransactionDetail (transaction_id, product_id, quantity, unit_price) VALUES (51, 8, 2, 136.33);
INSERT INTO TransactionDetail (transaction_id, product_id, quantity, unit_price) VALUES (34, 2, 3, 90.74);
INSERT INTO TransactionDetail (transaction_id, product_id, quantity, unit_price) VALUES (24, 6, 2, 68.02);
INSERT INTO TransactionDetail (transaction_id, product_id, quantity, unit_price) VALUES (58, 1, 2, 77.17);
INSERT INTO TransactionDetail (transaction_id, product_id, quantity, unit_price) VALUES (34, 4, 2, 93.35);
INSERT INTO TransactionDetail (transaction_id, product_id, quantity, unit_price) VALUES (20, 2, 1, 106.86);
INSERT INTO TransactionDetail (transaction_id, product_id, quantity, unit_price) VALUES (70, 7, 3, 49.58);
INSERT INTO TransactionDetail (transaction_id, product_id, quantity, unit_price) VALUES (8, 7, 3, 74.42);
INSERT INTO TransactionDetail (transaction_id, product_id, quantity, unit_price) VALUES (69, 8, 3, 134.62);
INSERT INTO TransactionDetail (transaction_id, product_id, quantity, unit_price) VALUES (61, 5, 1, 71.32);
INSERT INTO TransactionDetail (transaction_id, product_id, quantity, unit_price) VALUES (92, 1, 3, 94.26);
INSERT INTO TransactionDetail (transaction_id, product_id, quantity, unit_price) VALUES (67, 10, 3, 147.76);
INSERT INTO TransactionDetail (transaction_id, product_id, quantity, unit_price) VALUES (19, 2, 2, 42.47);
INSERT INTO TransactionDetail (transaction_id, product_id, quantity, unit_price) VALUES (22, 4, 1, 36.4);
INSERT INTO TransactionDetail (transaction_id, product_id, quantity, unit_price) VALUES (55, 2, 3, 76.6);
INSERT INTO TransactionDetail (transaction_id, product_id, quantity, unit_price) VALUES (81, 3, 3, 53.53);
INSERT INTO TransactionDetail (transaction_id, product_id, quantity, unit_price) VALUES (94, 2, 1, 70.45);
INSERT INTO TransactionDetail (transaction_id, product_id, quantity, unit_price) VALUES (51, 9, 2, 131.36);
INSERT INTO TransactionDetail (transaction_id, product_id, quantity, unit_price) VALUES (67, 8, 1, 122.25);
INSERT INTO TransactionDetail (transaction_id, product_id, quantity, unit_price) VALUES (80, 10, 3, 121.62);
INSERT INTO TransactionDetail (transaction_id, product_id, quantity, unit_price) VALUES (15, 7, 1, 39.27);
INSERT INTO TransactionDetail (transaction_id, product_id, quantity, unit_price) VALUES (76, 10, 1, 140.24);
INSERT INTO TransactionDetail (transaction_id, product_id, quantity, unit_price) VALUES (73, 2, 2, 132.77);
INSERT INTO TransactionDetail (transaction_id, product_id, quantity, unit_price) VALUES (45, 7, 2, 69.8);
INSERT INTO TransactionDetail (transaction_id, product_id, quantity, unit_price) VALUES (63, 10, 3, 81.5);
INSERT INTO TransactionDetail (transaction_id, product_id, quantity, unit_price) VALUES (23, 5, 2, 38.7);
INSERT INTO TransactionDetail (transaction_id, product_id, quantity, unit_price) VALUES (78, 7, 1, 71.45);
INSERT INTO TransactionDetail (transaction_id, product_id, quantity, unit_price) VALUES (43, 4, 1, 116.95);
INSERT INTO TransactionDetail (transaction_id, product_id, quantity, unit_price) VALUES (35, 6, 1, 63.92);
INSERT INTO TransactionDetail (transaction_id, product_id, quantity, unit_price) VALUES (39, 5, 2, 129.57);
INSERT INTO TransactionDetail (transaction_id, product_id, quantity, unit_price) VALUES (90, 2, 1, 37.47);
INSERT INTO TransactionDetail (transaction_id, product_id, quantity, unit_price) VALUES (96, 8, 2, 55.02);
INSERT INTO TransactionDetail (transaction_id, product_id, quantity, unit_price) VALUES (54, 10, 3, 31.61);
INSERT INTO TransactionDetail (transaction_id, product_id, quantity, unit_price) VALUES (57, 4, 2, 116.32);
INSERT INTO TransactionDetail (transaction_id, product_id, quantity, unit_price) VALUES (98, 9, 2, 126.73);
INSERT INTO TransactionDetail (transaction_id, product_id, quantity, unit_price) VALUES (66, 3, 1, 60.45);
INSERT INTO TransactionDetail (transaction_id, product_id, quantity, unit_price) VALUES (65, 7, 1, 121.47);
INSERT INTO TransactionDetail (transaction_id, product_id, quantity, unit_price) VALUES (68, 10, 1, 42.59);
INSERT INTO TransactionDetail (transaction_id, product_id, quantity, unit_price) VALUES (26, 1, 1, 24.3);
INSERT INTO TransactionDetail (transaction_id, product_id, quantity, unit_price) VALUES (7, 6, 3, 45.88);
INSERT INTO TransactionDetail (transaction_id, product_id, quantity, unit_price) VALUES (48, 8, 3, 71.6);
INSERT INTO TransactionDetail (transaction_id, product_id, quantity, unit_price) VALUES (16, 1, 1, 68.42);
INSERT INTO TransactionDetail (transaction_id, product_id, quantity, unit_price) VALUES (77, 8, 1, 144.87);
INSERT INTO TransactionDetail (transaction_id, product_id, quantity, unit_price) VALUES (61, 10, 3, 65.47);
INSERT INTO TransactionDetail (transaction_id, product_id, quantity, unit_price) VALUES (21, 5, 3, 128.01);
INSERT INTO TransactionDetail (transaction_id, product_id, quantity, unit_price) VALUES (12, 5, 1, 70.25);
INSERT INTO TransactionDetail (transaction_id, product_id, quantity, unit_price) VALUES (21, 10, 1, 131.42);
INSERT INTO TransactionDetail (transaction_id, product_id, quantity, unit_price) VALUES (83, 4, 3, 46.88);
INSERT INTO TransactionDetail (transaction_id, product_id, quantity, unit_price) VALUES (84, 7, 3, 22.61);
INSERT INTO TransactionDetail (transaction_id, product_id, quantity, unit_price) VALUES (100, 1, 2, 138.5);
INSERT INTO TransactionDetail (transaction_id, product_id, quantity, unit_price) VALUES (83, 3, 3, 124.11);
INSERT INTO TransactionDetail (transaction_id, product_id, quantity, unit_price) VALUES (29, 5, 3, 124.66);
INSERT INTO TransactionDetail (transaction_id, product_id, quantity, unit_price) VALUES (40, 5, 2, 136.41);
INSERT INTO TransactionDetail (transaction_id, product_id, quantity, unit_price) VALUES (45, 8, 2, 48.37);
INSERT INTO TransactionDetail (transaction_id, product_id, quantity, unit_price) VALUES (39, 9, 3, 71.63);
INSERT INTO TransactionDetail (transaction_id, product_id, quantity, unit_price) VALUES (14, 1, 3, 149.93);
INSERT INTO TransactionDetail (transaction_id, product_id, quantity, unit_price) VALUES (48, 9, 3, 97.19);
INSERT INTO TransactionDetail (transaction_id, product_id, quantity, unit_price) VALUES (37, 5, 3, 34.05);
INSERT INTO TransactionDetail (transaction_id, product_id, quantity, unit_price) VALUES (9, 6, 2, 103.28);
INSERT INTO TransactionDetail (transaction_id, product_id, quantity, unit_price) VALUES (36, 5, 3, 112.44);
INSERT INTO TransactionDetail (transaction_id, product_id, quantity, unit_price) VALUES (84, 5, 1, 39.49);
INSERT INTO TransactionDetail (transaction_id, product_id, quantity, unit_price) VALUES (98, 4, 1, 124.71);
INSERT INTO TransactionDetail (transaction_id, product_id, quantity, unit_price) VALUES (77, 7, 3, 61.55);
INSERT INTO TransactionDetail (transaction_id, product_id, quantity, unit_price) VALUES (18, 1, 3, 84.66);
INSERT INTO TransactionDetail (transaction_id, product_id, quantity, unit_price) VALUES (38, 5, 2, 72.6);
INSERT INTO TransactionDetail (transaction_id, product_id, quantity, unit_price) VALUES (95, 1, 3, 112.05);
INSERT INTO TransactionDetail (transaction_id, product_id, quantity, unit_price) VALUES (74, 4, 2, 114.45);
INSERT INTO TransactionDetail (transaction_id, product_id, quantity, unit_price) VALUES (29, 9, 3, 122.04);
INSERT INTO TransactionDetail (transaction_id, product_id, quantity, unit_price) VALUES (86, 6, 3, 59.03);
INSERT INTO TransactionDetail (transaction_id, product_id, quantity, unit_price) VALUES (22, 9, 1, 58.19);
INSERT INTO TransactionDetail (transaction_id, product_id, quantity, unit_price) VALUES (61, 3, 3, 53.62);
INSERT INTO TransactionDetail (transaction_id, product_id, quantity, unit_price) VALUES (72, 3, 3, 136.95);
--Select * from TransactionDetail